1 137
2 137
3 137
4 137
5 137
6 137
7 137
8 137
9 137
10 137
11 137
12 137
13 137
14 137
15 137
16 137
17 137
18 137
19 137
20 137
21 137
22 137
23 137
24 137
25 137
26 137
27 137
28 137
29 137
30 137
31 137
32 137
33 137
34 137
35 137
36 137
37 137
38 137
39 137
40 137
41 137
42 137
43 137
44 137
45 137
46 137
47 137
48 137
49 137
50 137
51 137
52 137
53 137
54 137
55 137
56 137
57 137
58 137
59 137
60 137
61 137
62 137
63 137
64 137
65 137
66 137
67 137
68 137
69 137
70 137
71 137
72 137
73 137
74 137
75 137
76 137
77 137
78 137
79 137
80 137
81 137
82 137
83 137
84 137
85 137
86 137
87 137
88 137
89 137
90 137
91 137
92 137
93 137
94 137
95 137
96 137
97 137
98 137
99 137
100 137
101 137
102 137
103 137
104 137
105 137
106 137
107 137
108 137
109 137
110 137
111 137
112 137
113 137
114 137
115 137
116 137
117 137
118 137
119 137
120 137
121 137
122 137
123 137
124 137
125 137
126 137
127 137
128 137
129 137
130 137
131 137
132 137
133 137
134 137
135 137
136 137
137 137
138 137
139 137
140 137
141 137
142 137
143 137
144 137
145 137
146 137
147 137
148 137
149 137
150 137
151 137
152 137
153 137
154 137
155 137
156 137
157 137
158 137
159 137
160 137
161 137
162 137
163 137
164 137
165 137
166 137
167 137
168 137
169 137
170 137
171 137
172 137
173 137
174 137
175 137
176 0
177 0
178 0
179 0
180 0
181 137
182 137
183 137
184 137
185 137
186 0
187 0
188 0
189 0
190 0
191 0
192 0
193 0
194 0
195 0
196 137
197 137
198 137
199 137
200 137
201 137
202 137
203 137
204 137
205 137
206 0
207 0
208 0
209 0
210 0
211 137
212 137
213 137
214 137
215 137
216 0
217 0
218 0
219 0
220 0
221 0
222 0
223 0
224 0
225 0
226 137
227 137
228 137
229 137
230 137
231 137
232 137
233 137
234 137
235 137
236 0
237 0
238 0
239 0
240 0
241 137
242 137
243 137
244 137
245 137
246 137
247 137
248 137
249 137
250 137
251 137
252 137
253 137
254 137
255 137
256 137
257 137
258 137
259 137
260 137
261 0
262 0
263 0
264 0
265 0
266 137
267 137
268 137
269 137
270 137
271 0
272 0
273 0
274 0
275 0
276 137
277 137
278 137
279 137
280 137
281 137
282 137
283 137
284 137
285 137
286 0
287 0
288 0
289 0
290 0
291 137
292 137
293 137
294 137
295 137
296 137
297 137
298 137
299 137
300 137
301 0
302 0
303 0
304 0
305 0
306 137
307 137
308 137
309 137
310 137
311 137
312 137
313 137
314 137
315 137
316 137
317 137
318 137
319 137
320 137
321 137
322 137
323 137
324 137
325 137
326 137
327 137
328 137
329 137
330 137
331 137
332 137
333 137
334 137
335 137
336 137
337 137
338 137
339 137
340 137
341 137
342 137
343 137
344 137
345 137
346 137
347 137
348 137
349 137
350 137
351 137
352 137
353 137
354 137
355 137
356 137
357 137
358 137
359 137
360 137
361 137
362 137
363 137
364 137
365 137
366 137
367 137
368 137
369 137
370 137
371 137
372 137
373 137
374 137
375 137
376 137
377 137
378 137
379 137
380 137
381 137
382 137
383 137
384 137
385 137
386 137
387 137
388 137
389 137
390 137
391 137
392 137
393 137
394 137
395 137
396 0
397 0
398 0
399 0
400 0
401 137
402 137
403 137
404 137
405 137
406 137
407 137
408 137
409 137
410 137
411 0
412 0
413 0
414 0
415 0
416 0
417 0
418 0
419 0
420 0
421 137
422 137
423 137
424 137
425 137
426 137
427 137
428 137
429 137
430 137
431 0
432 0
433 0
434 0
435 0
436 137
437 137
438 137
439 137
440 137
441 137
442 137
443 137
444 137
445 137
446 0
447 0
448 0
449 0
450 0
451 0
452 0
453 0
454 0
455 0
456 137
457 137
458 137
459 137
460 137
461 137
462 137
463 137
464 137
465 137
466 137
467 137
468 137
469 137
470 137
471 137
472 137
473 137
474 137
475 137
476 137
477 137
478 137
479 137
480 137
481 137
482 137
483 137
484 137
485 137
486 137
487 137
488 137
489 137
490 137
491 137
492 137
493 137
494 137
495 137
496 137
497 137
498 137
499 137
500 137
501 137
502 137
503 137
504 137
505 137
506 137
507 137
508 137
509 137
510 137
511 0
512 0
513 0
514 0
515 0
516 137
517 137
518 137
519 137
520 137
521 137
522 137
523 137
524 137
525 137
526 137
527 137
528 137
529 137
530 137
531 137
532 137
533 137
534 137
535 137
536 137
537 137
538 137
539 137
540 137
541 137
542 137
543 137
544 137
545 137
546 137
547 137
548 137
549 137
550 137
551 137
552 137
553 137
554 137
555 137
556 137
557 137
558 137
559 137
560 137
561 137
562 137
563 137
564 137
565 137
566 0
567 0
568 0
569 0
570 0
571 137
572 137
573 137
574 137
575 137
576 0
577 0
578 0
579 0
580 0
581 137
582 137
583 137
584 137
585 137
586 137
587 137
588 137
589 137
590 137
591 137
592 137
593 137
594 137
595 137
596 137
597 137
598 137
599 137
600 137
601 0
602 0
603 0
604 0
605 0
606 0
607 0
608 0
609 0
610 0
611 137
612 137
613 137
614 137
615 137
616 0
617 0
618 0
619 0
620 0
621 137
622 137
623 137
624 137
625 137
626 0
627 0
628 0
629 0
630 0
631 137
632 137
633 137
634 137
635 137
636 137
637 137
638 137
639 137
640 137
641 137
642 137
643 137
644 137
645 137
646 137
647 137
648 137
649 137
650 137
651 137
652 137
653 137
654 137
655 137
656 0
657 0
658 0
659 0
660 0
661 0
662 0
663 0
664 0
665 0
666 137
667 137
668 137
669 137
670 137
671 137
672 137
673 137
674 137
675 137
676 0
677 0
678 0
679 0
680 0
681 0
682 0
683 0
684 0
685 0
686 137
687 137
688 137
689 137
690 137
691 137
692 137
693 137
694 137
695 137
696 0
697 0
698 0
699 0
700 0
701 137
702 137
703 137
704 137
705 137
706 137
707 137
708 137
709 137
710 137
711 137
712 137
713 137
714 137
715 137
716 0
717 0
718 0
719 0
720 0
721 137
722 137
723 137
724 137
725 137
726 137
727 137
728 137
729 137
730 137
731 137
732 137
733 137
734 137
735 137
736 0
737 0
738 0
739 0
740 0
741 0
742 0
743 0
744 0
745 0
746 0
747 0
748 0
749 0
750 0
751 137
752 137
753 137
754 137
755 137
756 137
757 137
758 137
759 137
760 137
761 0
762 0
763 0
764 0
765 0
766 137
767 137
768 137
769 137
770 137
771 137
772 137
773 137
774 137
775 137
776 137
777 137
778 137
779 137
780 137
781 137
782 137
783 137
784 137
785 137
786 137
787 137
788 137
789 137
790 137
791 0
792 0
793 0
794 0
795 0
796 137
797 137
798 137
799 137
800 137
801 137
802 137
803 137
804 137
805 137
806 137
807 137
808 137
809 137
810 137
811 137
812 137
813 137
814 137
815 137
816 137
817 137
818 137
819 137
820 137
821 137
822 137
823 137
824 137
825 137
826 137
827 137
828 137
829 137
830 137
831 137
832 137
833 137
834 137
835 137
836 137
837 137
838 137
839 137
840 137
841 0
842 0
843 0
844 0
845 0
846 137
847 137
848 137
849 137
850 137
851 137
852 137
853 137
854 137
855 137
856 137
857 137
858 137
859 137
860 137
861 137
862 137
863 137
864 137
865 137
866 137
867 137
868 137
869 137
870 137
871 137
872 137
873 137
874 137
875 137
876 137
877 137
878 137
879 137
880 137
881 137
882 137
883 137
884 137
885 137
886 137
887 137
888 137
889 137
890 137
891 137
892 137
893 137
894 137
895 137
896 137
897 137
898 137
899 137
900 137
901 137
902 137
903 137
904 137
905 137
906 137
907 137
908 137
909 137
910 137
911 137
912 137
913 137
914 137
915 137
916 137
917 137
918 137
919 137
920 137
921 137
922 137
923 137
924 137
925 137
926 137
927 137
928 137
929 137
930 137
931 137
932 137
933 137
934 137
935 137
936 137
937 137
938 137
939 137
940 137
941 0
942 0
943 0
944 0
945 0
946 137
947 137
948 137
949 137
950 137
951 0
952 0
953 0
954 0
955 0
956 137
957 137
958 137
959 137
960 137
961 137
962 137
963 137
964 137
965 137
966 137
967 137
968 137
969 137
970 137
971 137
972 137
973 137
974 137
975 137
976 137
977 137
978 137
979 137
980 137
981 137
982 137
983 137
984 137
985 137
986 137
987 137
988 137
989 137
990 137
991 0
992 0
993 0
994 0
995 0
996 137
997 137
998 137
999 137
1000 137
1001 137
1002 137
1003 137
1004 137
1005 137
1006 137
1007 137
1008 137
1009 137
1010 137
1011 137
1012 137
1013 137
1014 137
1015 137
1016 137
1017 137
1018 137
1019 137
1020 137
1021 137
1022 137
1023 137
1024 137
1025 137
1026 137
1027 137
1028 137
1029 137
1030 137
1031 137
1032 137
1033 137
1034 137
1035 137
1036 137
1037 137
1038 137
1039 137
1040 137
1041 137
1042 137
1043 137
1044 137
1045 137
1046 137
1047 137
1048 137
1049 137
1050 137
1051 137
1052 137
1053 137
1054 137
1055 137
1056 0
1057 0
1058 0
1059 0
1060 0
1061 137
1062 137
1063 137
1064 137
1065 137
1066 0
1067 0
1068 0
1069 0
1070 0
1071 137
1072 137
1073 137
1074 137
1075 137
1076 137
1077 137
1078 137
1079 137
1080 137
1081 137
1082 137
1083 137
1084 137
1085 137
1086 0
1087 0
1088 0
1089 0
1090 0
1091 137
1092 137
1093 137
1094 137
1095 137
1096 137
1097 137
1098 137
1099 137
1100 137
1101 137
1102 137
1103 137
1104 137
1105 137
1106 137
1107 137
1108 137
1109 137
1110 137
1111 137
1112 137
1113 137
1114 137
1115 137
1116 137
1117 137
1118 137
1119 137
1120 137
1121 137
1122 137
1123 137
1124 137
1125 137
1126 137
1127 137
1128 137
1129 137
1130 137
1131 137
1132 137
1133 137
1134 137
1135 137
1136 137
1137 137
1138 137
1139 137
1140 137
1141 137
1142 137
1143 137
1144 137
1145 137
1146 137
1147 137
1148 137
1149 137
1150 137
1151 137
1152 137
1153 137
1154 137
1155 137
1156 0
1157 0
1158 0
1159 0
1160 0
1161 137
1162 137
1163 137
1164 137
1165 137
1166 137
1167 137
1168 137
1169 137
1170 137
1171 137
1172 137
1173 137
1174 137
1175 137
1176 0
1177 0
1178 0
1179 0
1180 0
1181 137
1182 137
1183 137
1184 137
1185 137
1186 0
1187 0
1188 0
1189 0
1190 0
1191 0
1192 0
1193 0
1194 0
1195 0
1196 137
1197 137
1198 137
1199 137
1200 137
1201 137
1202 137
1203 137
1204 137
1205 137
1206 0
1207 0
1208 0
1209 0
1210 0
1211 137
1212 137
1213 137
1214 137
1215 137
1216 0
1217 0
1218 0
1219 0
1220 0
1221 0
1222 0
1223 0
1224 0
1225 0
1226 137
1227 137
1228 137
1229 137
1230 137
1231 137
1232 137
1233 137
1234 137
1235 137
1236 0
1237 0
1238 0
1239 0
1240 0
1241 137
1242 137
1243 137
1244 137
1245 137
1246 137
1247 137
1248 137
1249 137
1250 137
1251 137
1252 137
1253 137
1254 137
1255 137
1256 137
1257 137
1258 137
1259 137
1260 137
1261 0
1262 0
1263 0
1264 0
1265 0
1266 137
1267 137
1268 137
1269 137
1270 137
1271 0
1272 0
1273 0
1274 0
1275 0
1276 137
1277 137
1278 137
1279 137
1280 137
1281 137
1282 137
1283 137
1284 137
1285 137
1286 0
1287 0
1288 0
1289 0
1290 0
1291 137
1292 137
1293 137
1294 137
1295 137
1296 137
1297 137
1298 137
1299 137
1300 137
1301 0
1302 0
1303 0
1304 0
1305 0
1306 137
1307 137
1308 137
1309 137
1310 137
1311 137
1312 137
1313 137
1314 137
1315 137
1316 137
1317 137
1318 137
1319 137
1320 137
1321 137
1322 137
1323 137
1324 137
1325 137
1326 137
1327 137
1328 137
1329 137
1330 137
1331 137
1332 137
1333 137
1334 137
1335 137
1336 137
1337 137
1338 137
1339 137
1340 137
1341 137
1342 137
1343 137
1344 137
1345 137
1346 137
1347 137
1348 137
1349 137
1350 137
1351 137
1352 137
1353 137
1354 137
1355 137
1356 137
1357 137
1358 137
1359 137
1360 137
1361 137
1362 137
1363 137
1364 137
1365 137
1366 137
1367 137
1368 137
1369 137
1370 137
1371 0
1372 0
1373 0
1374 0
1375 0
1376 137
1377 137
1378 137
1379 137
1380 137
1381 137
1382 137
1383 137
1384 137
1385 137
1386 0
1387 0
1388 0
1389 0
1390 0
1391 0
1392 0
1393 0
1394 0
1395 0
1396 0
1397 0
1398 0
1399 0
1400 0
1401 137
1402 137
1403 137
1404 137
1405 137
1406 137
1407 137
1408 137
1409 137
1410 137
1411 0
1412 0
1413 0
1414 0
1415 0
1416 0
1417 0
1418 0
1419 0
1420 0
1421 137
1422 137
1423 137
1424 137
1425 137
1426 137
1427 137
1428 137
1429 137
1430 137
1431 0
1432 0
1433 0
1434 0
1435 0
1436 137
1437 137
1438 137
1439 137
1440 137
1441 137
1442 137
1443 137
1444 137
1445 137
1446 0
1447 0
1448 0
1449 0
1450 0
1451 0
1452 0
1453 0
1454 0
1455 0
1456 137
1457 137
1458 137
1459 137
1460 137
1461 137
1462 137
1463 137
1464 137
1465 137
1466 137
1467 137
1468 137
1469 137
1470 137
1471 137
1472 137
1473 137
1474 137
1475 137
1476 137
1477 137
1478 137
1479 137
1480 137
1481 137
1482 137
1483 137
1484 137
1485 137
1486 137
1487 137
1488 137
1489 137
1490 137
1491 137
1492 137
1493 137
1494 137
1495 137
1496 137
1497 137
1498 137
1499 137
1500 137
1501 137
1502 137
1503 137
1504 137
1505 137
1506 0
1507 0
1508 0
1509 0
1510 0
1511 0
1512 0
1513 0
1514 0
1515 0
1516 137
1517 137
1518 137
1519 137
1520 137
1521 137
1522 137
1523 137
1524 137
1525 137
1526 137
1527 137
1528 137
1529 137
1530 137
1531 137
1532 137
1533 137
1534 137
1535 137
1536 137
1537 137
1538 137
1539 137
1540 137
1541 137
1542 137
1543 137
1544 137
1545 137
1546 137
1547 137
1548 137
1549 137
1550 137
1551 137
1552 137
1553 137
1554 137
1555 137
1556 137
1557 137
1558 137
1559 137
1560 137
1561 137
1562 137
1563 137
1564 137
1565 137
1566 0
1567 0
1568 0
1569 0
1570 0
1571 137
1572 137
1573 137
1574 137
1575 137
1576 0
1577 0
1578 0
1579 0
1580 0
1581 137
1582 137
1583 137
1584 137
1585 137
1586 0
1587 0
1588 0
1589 0
1590 0
1591 137
1592 137
1593 137
1594 137
1595 137
1596 137
1597 137
1598 137
1599 137
1600 137
1601 0
1602 0
1603 0
1604 0
1605 0
1606 0
1607 0
1608 0
1609 0
1610 0
1611 137
1612 137
1613 137
1614 137
1615 137
1616 0
1617 0
1618 0
1619 0
1620 0
1621 137
1622 137
1623 137
1624 137
1625 137
1626 0
1627 0
1628 0
1629 0
1630 0
1631 137
1632 137
1633 137
1634 137
1635 137
1636 137
1637 137
1638 137
1639 137
1640 137
1641 137
1642 137
1643 137
1644 137
1645 137
1646 137
1647 137
1648 137
1649 137
1650 137
1651 137
1652 137
1653 137
1654 137
1655 137
1656 0
1657 0
1658 0
1659 0
1660 0
1661 0
1662 0
1663 0
1664 0
1665 0
1666 137
1667 137
1668 137
1669 137
1670 137
1671 137
1672 137
1673 137
1674 137
1675 137
1676 0
1677 0
1678 0
1679 0
1680 0
1681 0
1682 0
1683 0
1684 0
1685 0
1686 137
1687 137
1688 137
1689 137
1690 137
1691 137
1692 137
1693 137
1694 137
1695 137
1696 0
1697 0
1698 0
1699 0
1700 0
1701 137
1702 137
1703 137
1704 137
1705 137
1706 0
1707 0
1708 0
1709 0
1710 0
1711 137
1712 137
1713 137
1714 137
1715 137
1716 0
1717 0
1718 0
1719 0
1720 0
1721 137
1722 137
1723 137
1724 137
1725 137
1726 137
1727 137
1728 137
1729 137
1730 137
1731 137
1732 137
1733 137
1734 137
1735 137
1736 0
1737 0
1738 0
1739 0
1740 0
1741 0
1742 0
1743 0
1744 0
1745 0
1746 0
1747 0
1748 0
1749 0
1750 0
1751 137
1752 137
1753 137
1754 137
1755 137
1756 137
1757 137
1758 137
1759 137
1760 137
1761 0
1762 0
1763 0
1764 0
1765 0
1766 0
1767 0
1768 0
1769 0
1770 0
1771 137
1772 137
1773 137
1774 137
1775 137
1776 137
1777 137
1778 137
1779 137
1780 137
1781 137
1782 137
1783 137
1784 137
1785 137
1786 0
1787 0
1788 0
1789 0
1790 0
1791 0
1792 0
1793 0
1794 0
1795 0
1796 137
1797 137
1798 137
1799 137
1800 137
1801 137
1802 137
1803 137
1804 137
1805 137
1806 137
1807 137
1808 137
1809 137
1810 137
1811 137
1812 137
1813 137
1814 137
1815 137
1816 137
1817 137
1818 137
1819 137
1820 137
1821 0
1822 0
1823 0
1824 0
1825 0
1826 137
1827 137
1828 137
1829 137
1830 137
1831 137
1832 137
1833 137
1834 137
1835 137
1836 137
1837 137
1838 137
1839 137
1840 137
1841 0
1842 0
1843 0
1844 0
1845 0
1846 137
1847 137
1848 137
1849 137
1850 137
1851 137
1852 137
1853 137
1854 137
1855 137
1856 0
1857 0
1858 0
1859 0
1860 0
1861 137
1862 137
1863 137
1864 137
1865 137
1866 137
1867 137
1868 137
1869 137
1870 137
1871 137
1872 137
1873 137
1874 137
1875 137
1876 137
1877 137
1878 137
1879 137
1880 137
1881 137
1882 137
1883 137
1884 137
1885 137
1886 137
1887 137
1888 137
1889 137
1890 137
1891 137
1892 137
1893 137
1894 137
1895 137
1896 0
1897 0
1898 0
1899 0
1900 0
1901 137
1902 137
1903 137
1904 137
1905 137
1906 137
1907 137
1908 137
1909 137
1910 137
1911 137
1912 137
1913 137
1914 137
1915 137
1916 137
1917 137
1918 137
1919 137
1920 137
1921 0
1922 0
1923 0
1924 0
1925 0
1926 137
1927 137
1928 137
1929 137
1930 137
1931 137
1932 137
1933 137
1934 137
1935 137
1936 137
1937 137
1938 137
1939 137
1940 137
1941 0
1942 0
1943 0
1944 0
1945 0
1946 137
1947 137
1948 137
1949 137
1950 137
1951 0
1952 0
1953 0
1954 0
1955 0
1956 0
1957 0
1958 0
1959 0
1960 0
1961 137
1962 137
1963 137
1964 137
1965 137
1966 137
1967 137
1968 137
1969 137
1970 137
1971 137
1972 137
1973 137
1974 137
1975 137
1976 137
1977 137
1978 137
1979 137
1980 137
1981 137
1982 137
1983 137
1984 137
1985 137
1986 137
1987 137
1988 137
1989 137
1990 137
1991 0
1992 0
1993 0
1994 0
1995 0
1996 137
1997 137
1998 137
1999 137
2000 137
2001 0
2002 0
2003 0
2004 0
2005 0
2006 137
2007 137
2008 137
2009 137
2010 137
2011 137
2012 137
2013 137
2014 137
2015 0
2016 0
2017 0
2018 0
2019 0
2020 0
2021 0
2022 0
2023 0
2024 0
2025 0
2026 0
2027 0
2028 0
2029 0
2030 0
2031 0
2032 0
2033 0
2034 0
2035 0
2036 0
2037 0
2038 0
2039 0
2040 0
2041 0
2042 0
2043 0
2044 0
2045 0
2046 0
2047 0
2048 0
2049 0
2050 0
2051 137
2052 137
2053 137
2054 137
2055 137
2056 0
2057 0
2058 0
2059 0
2060 0
2061 0
2062 0
2063 0
2064 0
2065 0
2066 0
2067 0
2068 0
2069 0
2070 0
2071 0
2072 0
2073 0
2074 0
2075 0
2076 0
2077 0
2078 0
2079 0
2080 0
2081 0
2082 0
2083 0
2084 0
2085 0
2086 0
2087 0
2088 0
2089 0
2090 0
2091 137
2092 0
2093 0
2094 0
2095 137
2096 0
2097 0
2098 0
2099 0
2100 0
2101 137
2102 137
2103 0
2104 0
2105 137
2106 0
2107 0
2108 0
2109 0
2110 0
2111 0
2112 0
2113 0
2114 0
2115 0
2116 0
2117 0
2118 0
2119 0
2120 0
2121 0
2122 0
2123 0
2124 0
2125 0
2126 0
2127 0
2128 0
2129 0
2130 0
2131 0
2132 0
2133 0
2134 0
2135 0
2136 0
2137 0
2138 0
2139 0
2140 0
2141 137
2142 137
2143 137
2144 137
2145 137
2146 0
2147 0
2148 0
2149 0
2150 0
2151 137
2152 137
2153 137
2154 137
2155 137
2156 0
2157 0
2158 0
2159 0
2160 0
2161 0
2162 0
2163 0
2164 0
2165 0
2166 0
2167 0
2168 0
2169 0
2170 0
2171 0
2172 0
2173 0
2174 0
2175 0
2176 0
2177 0
2178 0
2179 0
2180 0
2181 0
2182 0
2183 0
2184 0
2185 0
2186 0
2187 0
2188 0
2189 0
2190 0
2191 0
2192 0
2193 0
2194 0
2195 0
2196 0
2197 0
2198 0
2199 0
2200 0
2201 0
2202 0
2203 0
2204 0
2205 0
2206 0
2207 0
2208 0
2209 0
2210 0
2211 137
2212 137
2213 137
2214 137
2215 137
2216 0
2217 0
2218 0
2219 0
2220 0
2221 0
2222 0
2223 0
2224 0
2225 0
2226 137
2227 137
2228 137
2229 137
2230 137
2231 0
2232 0
2233 0
2234 0
2235 0
2236 0
2237 0
2238 0
2239 0
2240 0
2241 0
2242 0
2243 0
2244 0
2245 0
2246 0
2247 0
2248 0
2249 0
2250 0
2251 0
2252 0
2253 0
2254 0
2255 0
2256 0
2257 0
2258 0
2259 0
2260 0
2261 0
2262 0
2263 0
2264 0
2265 0
2266 0
2267 0
2268 0
2269 0
2270 0
2271 0
2272 0
2273 0
2274 0
2275 0
2276 0
2277 0
2278 0
2279 0
2280 0
2281 137
2282 137
2283 137
2284 137
2285 137
2286 0
2287 0
2288 0
2289 0
2290 0
2291 0
2292 0
2293 0
2294 0
2295 0
2296 0
2297 0
2298 0
2299 0
2300 0
2301 0
2302 0
2303 0
2304 0
2305 0
2306 0
2307 0
2308 0
2309 0
2310 0
2311 0
2312 0
2313 0
2314 0
2315 0
2316 0
2317 0
2318 0
2319 0
2320 0
2321 0
2322 0
2323 0
2324 0
2325 0
2326 0
2327 0
2328 0
2329 0
2330 0
2331 0
2332 0
2333 0
2334 0
2335 0
2336 0
2337 0
2338 0
2339 0
2340 0
2341 137
2342 137
2343 137
2344 137
2345 137
2346 0
2347 0
2348 0
2349 0
2350 0
2351 0
2352 0
2353 0
2354 0
2355 0
2356 0
2357 0
2358 0
2359 0
2360 0
2361 0
2362 0
2363 0
2364 0
2365 0
2366 0
2367 0
2368 0
2369 0
2370 0
2371 0
2372 0
2373 0
2374 0
2375 0
2376 0
2377 0
2378 0
2379 0
2380 0
2381 0
2382 0
2383 0
2384 0
2385 0
2386 0
2387 0
2388 0
2389 0
2390 0
2391 0
2392 0
2393 0
2394 0
2395 0
2396 0
2397 0
2398 0
2399 0
2400 0
2401 0
2402 0
2403 0
2404 0
2405 0
2406 0
2407 0
2408 0
2409 0
2410 0
2411 0
2412 0
2413 0
2414 0
2415 0
2416 0
2417 0
2418 0
2419 0
2420 0
2421 137
2422 137
2423 137
2424 137
2425 137
2426 0
2427 0
2428 0
2429 0
2430 0
2431 0
2432 0
2433 0
2434 0
2435 0
2436 0
2437 0
2438 0
2439 0
2440 0
2441 0
2442 0
2443 0
2444 0
2445 0
2446 0
2447 0
2448 0
2449 0
2450 0
2451 0
2452 0
2453 0
2454 0
2455 0
2456 0
2457 0
2458 0
2459 0
2460 0
2461 0
2462 0
2463 137
2464 0
2465 137
2466 137
2467 137
2468 137
2469 137
2470 137
2471 0
2472 0
2473 0
2474 0
2475 0
2476 0
2477 0
2478 0
2479 0
2480 0
2481 137
2482 0
2483 0
2484 0
2485 137
2486 0
2487 0
2488 0
2489 0
2490 0
2491 0
2492 0
2493 0
2494 0
2495 0
2496 0
2497 0
2498 0
2499 0
2500 0
2501 137
2502 137
2503 137
2504 137
2505 137
2506 0
2507 0
2508 0
2509 0
2510 0
2511 0
2512 0
2513 0
2514 0
2515 0
2516 0
2517 0
2518 0
2519 0
2520 0
2521 0
2522 0
2523 0
2524 0
2525 0
2526 0
2527 0
2528 0
2529 0
2530 0
2531 137
2532 137
2533 137
2534 137
2535 137
2536 0
2537 0
2538 0
2539 0
2540 0
2541 137
2542 137
2543 137
2544 137
2545 137
2546 0
2547 0
2548 0
2549 0
2550 0
2551 0
2552 0
2553 0
2554 0
2555 0
2556 0
2557 0
2558 0
2559 0
2560 0
2561 0
2562 0
2563 0
2564 0
2565 0
2566 0
2567 0
2568 0
2569 0
2570 0
2571 0
2572 0
2573 0
2574 0
2575 0
2576 0
2577 0
2578 0
2579 0
2580 0
2581 0
2582 0
2583 0
2584 0
2585 0
2586 0
2587 0
2588 0
2589 0
2590 0
2591 137
2592 137
2593 137
2594 137
2595 137
2596 137
2597 137
2598 137
2599 137
2600 137
2601 0
2602 0
2603 0
2604 0
2605 0
2606 0
2607 0
2608 0
2609 0
2610 0
2611 137
2612 137
2613 137
2614 137
2615 137
2616 0
2617 0
2618 0
2619 0
2620 0
2621 137
2622 137
2623 137
2624 137
2625 137
2626 0
2627 0
2628 0
2629 0
2630 0
2631 0
2632 0
2633 0
2634 0
2635 0
2636 0
2637 0
2638 0
2639 0
2640 0
2641 137
2642 137
2643 137
2644 137
2645 137
2646 0
2647 0
2648 0
2649 0
2650 0
2651 137
2652 137
2653 137
2654 137
2655 137
2656 0
2657 0
2658 0
2659 0
2660 0
2661 0
2662 0
2663 0
2664 0
2665 0
2666 0
2667 0
2668 0
2669 0
2670 0
2671 0
2672 0
2673 0
2674 0
2675 0
2676 0
2677 0
2678 0
2679 0
2680 0
2681 0
2682 0
2683 0
2684 0
2685 0
2686 0
2687 0
2688 0
2689 0
2690 0
2691 0
2692 0
2693 0
2694 0
2695 0
2696 0
2697 0
2698 0
2699 0
2700 0
2701 0
2702 0
2703 0
2704 0
2705 0
2706 0
2707 0
2708 0
2709 0
2710 0
2711 137
2712 137
2713 137
2714 137
2715 137
2716 0
2717 0
2718 0
2719 0
2720 0
2721 0
2722 0
2723 0
2724 0
2725 0
2726 137
2727 137
2728 137
2729 137
2730 137
2731 137
2732 137
2733 0
2734 0
2735 137
2736 0
2737 0
2738 0
2739 0
2740 0
2741 0
2742 0
2743 0
2744 0
2745 0
2746 0
2747 0
2748 0
2749 0
2750 0
2751 137
2752 137
2753 137
2754 137
2755 137
2756 0
2757 0
2758 0
2759 0
2760 0
2761 0
2762 0
2763 0
2764 0
2765 0
2766 0
2767 0
2768 0
2769 0
2770 0
2771 0
2772 0
2773 0
2774 0
2775 0
2776 0
2777 0
2778 0
2779 0
2780 0
2781 0
2782 0
2783 0
2784 0
2785 0
2786 0
2787 0
2788 0
2789 0
2790 0
2791 0
2792 0
2793 0
2794 0
2795 0
2796 0
2797 0
2798 0
2799 0
2800 0
2801 0
2802 0
2803 0
2804 0
2805 0
2806 137
2807 137
2808 137
2809 137
2810 137
2811 0
2812 0
2813 0
2814 0
2815 0
2816 0
2817 0
2818 0
2819 0
2820 0
2821 0
2822 0
2823 0
2824 0
2825 0
2826 0
2827 0
2828 0
2829 0
2830 0
2831 137
2832 137
2833 137
2834 137
2835 137
2836 0
2837 0
2838 0
2839 0
2840 0
2841 0
2842 0
2843 0
2844 0
2845 0
2846 0
2847 0
2848 0
2849 0
2850 0
2851 0
2852 0
2853 0
2854 0
2855 0
2856 0
2857 0
2858 0
2859 0
2860 0
2861 0
2862 0
2863 0
2864 0
2865 0
2866 0
2867 0
2868 0
2869 0
2870 0
2871 0
2872 0
2873 0
2874 0
2875 0
2876 0
2877 0
2878 0
2879 0
2880 0
2881 0
2882 0
2883 0
2884 0
2885 0
2886 0
2887 0
2888 0
2889 0
2890 0
2891 0
2892 0
2893 0
2894 0
2895 0
2896 0
2897 0
2898 0
2899 0
2900 0
2901 0
2902 0
2903 0
2904 0
2905 0
2906 0
2907 0
2908 0
2909 0
2910 0
2911 0
2912 0
2913 0
2914 0
2915 0
2916 137
2917 137
2918 137
2919 0
2920 137
2921 0
2922 0
2923 0
2924 0
2925 0
2926 0
2927 0
2928 0
2929 0
2930 0
2931 0
2932 0
2933 0
2934 0
2935 0
2936 137
2937 137
2938 137
2939 137
2940 137
2941 0
2942 0
2943 0
2944 0
2945 0
2946 0
2947 0
2948 0
2949 0
2950 0
2951 0
2952 0
2953 0
2954 0
2955 0
2956 0
2957 0
2958 0
2959 0
2960 0
2961 137
2962 137
2963 137
2964 137
2965 137
2966 0
2967 0
2968 0
2969 0
2970 0
2971 0
2972 0
2973 0
2974 0
2975 0
2976 0
2977 0
2978 0
2979 0
2980 0
2981 0
2982 0
2983 0
2984 0
2985 0
2986 0
2987 0
2988 0
2989 0
2990 0
2991 0
2992 0
2993 0
2994 0
2995 0
2996 0
2997 0
2998 0
2999 0
3000 0
3001 137
3002 137
3003 137
3004 137
3005 137
3006 137
3007 137
3008 137
3009 137
3010 137
3011 137
3012 137
3013 137
3014 137
3015 137
3016 137
3017 137
3018 137
3019 137
3020 137
3021 137
3022 137
3023 137
3024 137
3025 137
3026 137
3027 137
3028 137
3029 137
3030 137
3031 137
3032 137
3033 137
3034 137
3035 137
3036 137
3037 137
3038 137
3039 137
3040 137
3041 137
3042 137
3043 137
3044 137
3045 137
3046 137
3047 137
3048 137
3049 137
3050 137
3051 137
3052 137
3053 137
3054 137
3055 137
3056 137
3057 137
3058 137
3059 137
3060 137
3061 137
3062 137
3063 137
3064 137
3065 137
3066 137
3067 137
3068 137
3069 137
3070 137
3071 137
3072 137
3073 137
3074 137
3075 137
3076 137
3077 137
3078 137
3079 137
3080 137
3081 137
3082 137
3083 137
3084 137
3085 137
3086 0
3087 0
3088 0
3089 0
3090 0
3091 137
3092 137
3093 137
3094 137
3095 137
3096 137
3097 137
3098 137
3099 137
3100 137
3101 137
3102 137
3103 137
3104 137
3105 137
3106 137
3107 137
3108 137
3109 137
3110 137
3111 137
3112 137
3113 137
3114 137
3115 137
3116 137
3117 137
3118 137
3119 137
3120 137
3121 137
3122 137
3123 137
3124 137
3125 137
3126 137
3127 137
3128 137
3129 137
3130 137
3131 137
3132 137
3133 137
3134 137
3135 137
3136 137
3137 137
3138 137
3139 137
3140 137
3141 137
3142 137
3143 137
3144 137
3145 137
3146 137
3147 137
3148 137
3149 137
3150 137
3151 137
3152 137
3153 137
3154 137
3155 137
3156 0
3157 0
3158 0
3159 0
3160 0
3161 137
3162 137
3163 137
3164 137
3165 137
3166 137
3167 137
3168 137
3169 137
3170 137
3171 137
3172 137
3173 137
3174 137
3175 137
3176 0
3177 0
3178 0
3179 0
3180 0
3181 137
3182 137
3183 137
3184 137
3185 137
3186 0
3187 0
3188 0
3189 0
3190 0
3191 0
3192 0
3193 0
3194 0
3195 0
3196 137
3197 137
3198 137
3199 137
3200 137
3201 137
3202 137
3203 137
3204 137
3205 137
3206 0
3207 0
3208 0
3209 0
3210 0
3211 137
3212 137
3213 137
3214 137
3215 137
3216 0
3217 0
3218 0
3219 0
3220 0
3221 0
3222 0
3223 0
3224 0
3225 0
3226 137
3227 137
3228 137
3229 137
3230 137
3231 137
3232 137
3233 137
3234 137
3235 137
3236 0
3237 0
3238 0
3239 0
3240 0
3241 137
3242 137
3243 137
3244 137
3245 137
3246 137
3247 137
3248 137
3249 137
3250 137
3251 137
3252 137
3253 137
3254 137
3255 137
3256 137
3257 137
3258 137
3259 137
3260 137
3261 0
3262 0
3263 0
3264 0
3265 0
3266 137
3267 137
3268 137
3269 137
3270 137
3271 0
3272 0
3273 0
3274 0
3275 0
3276 137
3277 137
3278 137
3279 137
3280 137
3281 137
3282 137
3283 137
3284 137
3285 137
3286 0
3287 0
3288 0
3289 0
3290 0
3291 137
3292 137
3293 137
3294 137
3295 137
3296 137
3297 137
3298 137
3299 137
3300 137
3301 0
3302 0
3303 0
3304 0
3305 0
3306 137
3307 137
3308 137
3309 137
3310 137
3311 137
3312 137
3313 137
3314 137
3315 137
3316 137
3317 137
3318 137
3319 137
3320 137
3321 137
3322 137
3323 137
3324 137
3325 137
3326 137
3327 137
3328 137
3329 137
3330 137
3331 137
3332 137
3333 137
3335 137
3336 137
3337 137
3338 137
3339 137
3340 137
3341 137
3342 137
3343 137
3344 137
3345 137
3346 137
3347 137
3348 137
3349 137
3350 137
3351 137
3352 137
3353 137
3354 137
3355 137
3356 137
3357 137
3358 137
3359 137
3360 137
3361 137
3362 137
3363 137
3364 137
3365 137
3366 137
3367 137
3368 137
3369 137
3370 137
3371 0
3372 0
3373 0
3374 0
3375 0
3376 137
3377 137
3378 137
3379 137
3380 137
3381 137
3382 137
3383 137
3384 137
3385 137
3386 137
3387 137
3388 137
3389 137
3390 137
3391 0
3392 0
3393 0
3394 0
3395 0
3396 0
3397 0
3398 0
3399 0
3400 0
3401 137
3402 137
3403 137
3404 137
3405 137
3406 137
3407 137
3408 137
3409 137
3410 137
3411 0
3412 0
3413 0
3414 0
3415 0
3416 0
3417 0
3418 0
3419 0
3420 0
3421 137
3422 137
3423 137
3424 137
3425 137
3426 137
3427 137
3428 0
3429 137
3430 137
3431 0
3432 0
3433 0
3434 0
3435 0
3436 137
3437 137
3438 137
3439 137
3440 137
3441 137
3442 137
3443 137
3444 137
3445 137
3446 0
3447 0
3448 0
3449 0
3450 0
3451 0
3452 0
3453 0
3454 0
3455 0
3456 137
3457 137
3458 137
3459 137
3460 137
3461 137
3462 137
3463 137
3464 137
3465 137
3466 137
3467 137
3468 137
3469 137
3470 137
3471 137
3472 137
3473 137
3474 137
3475 137
3476 137
3477 137
3478 137
3479 137
3480 137
3481 137
3482 137
3483 137
3484 137
3485 137
3486 137
3487 137
3488 137
3489 137
3490 137
3491 137
3492 137
3493 137
3494 137
3495 137
3496 137
3497 137
3498 137
3499 137
3500 137
3501 137
3502 137
3503 137
3504 137
3505 137
3506 137
3507 137
3508 137
3509 137
3510 137
3511 0
3512 0
3513 0
3514 0
3515 0
3516 137
3517 137
3518 137
3519 137
3520 137
3521 137
3522 137
3523 137
3524 137
3525 137
3526 137
3527 137
3528 137
3529 137
3530 137
3532 137
3533 137
3534 137
3535 137
3536 137
3537 137
3538 137
3539 137
3540 137
3541 137
3542 137
3543 137
3544 137
3545 137
3546 137
3547 137
3548 137
3549 137
3550 137
3551 137
3552 137
3553 137
3554 137
3555 137
3556 137
3557 137
3558 137
3559 137
3560 137
3561 137
3562 137
3563 137
3564 137
3565 137
3566 0
3567 0
3568 0
3569 0
3570 0
3571 137
3572 137
3573 137
3574 137
3575 137
3576 0
3577 0
3578 0
3579 0
3580 0
3581 137
3582 137
3583 137
3584 137
3585 137
3586 0
3587 0
3588 0
3589 0
3590 0
3591 137
3592 137
3593 137
3594 137
3595 137
3596 137
3597 137
3598 137
3599 137
3600 137
3601 0
3602 0
3603 0
3604 0
3605 0
3606 0
3607 0
3608 0
3609 0
3610 0
3611 137
3612 137
3613 137
3614 137
3615 137
3616 0
3617 0
3618 0
3619 0
3620 0
3621 137
3622 137
3623 137
3624 137
3625 137
3626 0
3627 0
3628 0
3629 0
3630 0
3631 137
3632 137
3633 137
3634 137
3635 137
3636 137
3637 137
3638 137
3639 137
3640 137
3641 137
3642 137
3643 137
3644 137
3645 137
3646 137
3647 137
3648 137
3649 137
3650 137
3651 137
3652 137
3653 137
3654 137
3655 137
3656 0
3657 0
3658 0
3659 0
3660 0
3661 0
3662 0
3663 0
3664 0
3665 0
3666 137
3667 137
3668 137
3669 137
3670 137
3671 137
3672 137
3673 137
3674 137
3675 137
3676 0
3677 0
3678 0
3679 0
3680 0
3681 0
3682 0
3683 0
3684 0
3685 0
3686 137
3687 137
3688 137
3689 137
3690 137
3691 137
3692 137
3693 137
3694 137
3695 137
3696 0
3697 0
3698 0
3699 0
3700 0
3701 137
3702 137
3703 137
3704 137
3705 137
3706 137
3707 137
3708 137
3709 137
3710 137
3711 137
3712 137
3713 137
3714 137
3715 137
3716 0
3717 0
3718 0
3719 0
3720 0
3721 137
3722 137
3723 137
3724 137
3725 137
3726 137
3727 137
3728 137
3729 137
3730 137
3731 137
3732 137
3733 137
3734 137
3735 137
3736 0
3737 0
3738 0
3739 0
3740 0
3741 0
3742 0
3743 0
3744 0
3745 0
3746 0
3747 0
3748 0
3749 0
3750 0
3751 137
3752 137
3753 137
3754 137
3755 137
3756 137
3757 137
3758 137
3759 137
3760 137
3761 0
3762 0
3763 0
3764 0
3765 0
3766 0
3767 0
3768 0
3769 0
3770 0
3771 137
3772 137
3773 137
3774 137
3775 137
3776 137
3777 137
3778 137
3779 137
3780 137
3781 137
3782 137
3783 137
3784 137
3785 137
3786 0
3787 0
3788 0
3789 0
3790 0
3791 0
3792 0
3793 0
3794 0
3795 0
3796 137
3797 137
3798 137
3799 137
3800 137
3801 137
3802 137
3803 137
3804 137
3805 137
3806 137
3807 137
3808 137
3809 137
3810 137
3811 137
3812 137
3813 137
3814 137
3815 137
3816 137
3817 137
3818 137
3819 137
3820 137
3821 0
3822 0
3823 0
3824 0
3825 0
3826 137
3827 137
3828 137
3830 137
3831 137
3832 137
3833 137
3834 137
3835 137
3836 137
3837 137
3838 137
3839 137
3840 137
3841 0
3842 0
3843 0
3844 0
3845 0
3846 137
3847 137
3848 137
3849 137
3850 137
3851 137
3852 137
3853 137
3854 137
3855 137
3856 0
3857 0
3858 0
3859 0
3860 0
3861 137
3862 137
3863 137
3864 137
3865 137
3866 137
3867 137
3868 137
3869 137
3870 137
3871 137
3872 137
3873 137
3874 137
3875 137
3876 137
3877 137
3878 137
3879 137
3880 137
3881 137
3882 137
3883 137
3884 137
3885 137
3886 137
3887 137
3888 137
3889 137
3890 137
3891 137
3892 137
3893 137
3894 137
3895 137
3896 137
3897 137
3898 137
3899 137
3900 137
3901 137
3902 137
3903 137
3904 137
3905 137
3906 137
3907 137
3908 137
3909 137
3910 137
3911 137
3912 137
3913 137
3914 137
3915 137
3916 137
3917 137
3918 137
3919 137
3920 137
3921 137
3922 137
3923 137
3924 137
3925 137
3926 137
3927 137
3928 137
3929 137
3930 137
3931 137
3932 137
3933 137
3934 137
3935 137
3936 137
3937 137
3938 137
3939 137
3940 137
3941 0
3942 0
3943 0
3944 0
3945 0
3946 137
3947 137
3948 137
3949 137
3950 137
3951 0
3952 0
3953 0
3954 0
3955 0
3956 137
3957 137
3958 137
3959 137
3960 137
3961 137
3962 137
3963 137
3964 137
3965 137
3966 137
3967 137
3968 137
3969 137
3970 137
3971 137
3972 137
3973 137
3974 137
3975 137
3976 137
3977 137
3978 137
3979 137
3980 137
3981 137
3982 137
3983 137
3984 137
3985 137
3986 137
3987 137
3988 137
3989 137
3990 137
3991 0
3992 0
3993 0
3994 0
3995 0
3996 137
3997 137
3998 137
3999 137
4000 137
4001 0
4002 0
4003 0
4004 0
4005 0
4006 137
4007 137
4008 137
4009 137
4010 137
4011 137
4012 137
4013 137
4014 137
4015 137
4016 0
4017 0
4018 0
4019 0
4020 0
4021 0
4022 0
4023 0
4024 0
4025 0
4026 0
4027 0
4028 0
4029 0
4030 0
4031 137
4032 137
4033 137
4034 137
4035 137
4036 0
4037 0
4038 0
4039 0
4040 0
4041 0
4042 0
4043 0
4044 0
4045 0
4046 0
4047 0
4048 0
4049 0
4050 0
4051 137
4052 137
4053 137
4054 137
4055 137
4056 0
4057 0
4058 0
4059 0
4060 0
4061 0
4062 0
4063 0
4064 0
4065 0
4066 0
4067 0
4068 0
4069 0
4070 0
4071 0
4072 0
4073 0
4074 0
4075 0
4076 137
4077 137
4078 137
4079 137
4080 137
4081 137
4082 137
4083 137
4084 137
4085 137
4086 0
4087 0
4088 0
4089 0
4090 0
4091 137
4092 137
4093 137
4094 137
4095 137
4096 0
4097 0
4098 0
4099 0
4100 0
4101 137
4102 137
4103 137
4104 137
4105 137
4106 0
4107 0
4108 0
4109 0
4110 0
4111 0
4112 0
4113 0
4114 0
4115 0
4116 0
4117 0
4118 0
4119 0
4120 0
4121 137
4122 137
4123 137
4124 137
4125 137
4126 137
4127 137
4128 137
4129 137
4130 137
4131 0
4132 0
4133 0
4134 0
4135 0
4136 0
4137 0
4138 0
4139 0
4140 0
4141 137
4142 137
4143 137
4144 137
4145 137
4146 0
4147 0
4148 0
4149 0
4150 0
4151 137
4152 137
4153 137
4154 137
4155 137
4156 0
4157 0
4158 0
4159 0
4160 0
4161 0
4162 0
4163 0
4164 0
4165 0
4166 0
4167 0
4168 0
4169 0
4170 0
4171 0
4172 0
4173 0
4174 0
4175 0
4176 0
4177 0
4178 0
4179 0
4180 0
4181 0
4182 0
4183 0
4184 0
4185 0
4186 0
4187 0
4188 0
4189 0
4190 0
4191 0
4192 0
4193 0
4194 0
4195 0
4196 0
4197 0
4198 0
4199 0
4200 0
4201 137
4202 137
4203 137
4204 137
4205 137
4206 0
4207 0
4208 0
4209 0
4210 0
4211 137
4212 137
4213 137
4214 137
4215 137
4216 0
4217 0
4218 0
4219 0
4220 0
4221 0
4222 0
4223 0
4224 0
4225 0
4226 137
4227 137
4228 137
4229 137
4230 137
4231 0
4232 0
4233 0
4234 0
4235 0
4236 0
4237 0
4238 0
4239 0
4240 0
4241 0
4242 0
4243 0
4244 0
4245 0
4246 0
4247 0
4248 0
4249 0
4250 0
4251 0
4252 0
4253 0
4254 0
4255 0
4256 137
4257 137
4258 137
4259 137
4260 137
4261 0
4262 0
4263 0
4264 0
4265 0
4266 0
4267 0
4268 0
4269 0
4270 0
4271 0
4272 0
4273 0
4274 0
4275 0
4276 0
4277 0
4278 0
4279 0
4280 0
4281 137
4282 137
4283 137
4284 137
4285 137
4286 0
4287 0
4288 0
4289 0
4290 0
4291 0
4292 0
4293 0
4294 0
4295 0
4296 137
4297 137
4298 137
4299 137
4300 137
4301 0
4302 0
4303 0
4304 0
4305 0
4306 0
4307 0
4308 0
4309 0
4310 0
4311 0
4312 0
4313 0
4314 0
4315 0
4316 0
4317 0
4318 0
4319 0
4320 0
4321 0
4322 0
4323 0
4324 0
4325 0
4326 0
4327 0
4328 0
4329 0
4330 0
4331 0
4332 0
4333 0
4334 0
4335 0
4336 0
4337 0
4338 0
4339 0
4340 0
4341 137
4342 137
4343 137
4344 137
4345 137
4346 137
4347 137
4348 137
4349 137
4350 137
4351 137
4352 137
4353 137
4354 137
4355 137
4356 0
4357 0
4358 0
4359 0
4360 0
4361 0
4362 0
4363 0
4364 0
4365 0
4366 137
4367 137
4368 137
4369 137
4370 137
4371 0
4372 0
4373 0
4374 0
4375 0
4376 0
4377 0
4378 0
4379 0
4380 0
4381 0
4382 0
4383 0
4384 0
4385 0
4386 0
4387 0
4388 0
4389 0
4390 0
4391 0
4392 0
4393 0
4394 0
4395 0
4396 0
4397 0
4398 0
4399 0
4400 0
4401 0
4402 0
4403 0
4404 0
4405 0
4406 0
4407 0
4408 0
4409 0
4410 0
4411 0
4412 0
4413 0
4414 0
4415 0
4416 0
4417 0
4418 0
4419 0
4420 0
4421 137
4422 137
4423 137
4424 137
4425 137
4426 137
4427 137
4428 137
4429 137
4430 137
4431 0
4432 0
4433 0
4434 0
4435 0
4436 0
4437 0
4438 0
4439 0
4440 0
4441 0
4442 0
4443 0
4444 0
4445 0
4446 0
4447 0
4448 0
4449 0
4450 0
4451 0
4452 0
4453 0
4454 0
4455 0
4456 0
4457 0
4458 0
4459 0
4460 0
4461 137
4462 137
4463 137
4464 137
4465 137
4466 137
4467 137
4468 137
4469 137
4470 137
4471 0
4472 0
4473 0
4474 0
4475 0
4476 137
4477 137
4478 137
4479 137
4480 137
4481 137
4482 137
4483 137
4484 137
4485 137
4486 137
4487 137
4488 137
4489 137
4490 137
4491 0
4492 0
4493 0
4494 0
4495 0
4496 0
4497 0
4498 0
4499 0
4500 0
4501 137
4502 137
4503 137
4504 137
4505 137
4506 0
4507 0
4508 0
4509 0
4510 0
4511 0
4512 0
4513 0
4514 0
4515 0
4516 0
4517 0
4518 0
4519 0
4520 0
4521 0
4522 0
4523 0
4524 0
4525 0
4526 0
4527 0
4528 0
4529 0
4530 0
4531 137
4532 137
4533 137
4534 137
4535 137
4536 137
4537 137
4538 137
4539 137
4540 137
4541 137
4542 137
4543 137
4544 137
4545 137
4546 0
4547 0
4548 0
4549 0
4550 0
4551 0
4552 0
4553 0
4554 0
4555 0
4556 0
4557 0
4558 0
4559 0
4560 0
4561 137
4562 137
4563 137
4564 137
4565 137
4566 0
4567 0
4568 0
4569 0
4570 0
4571 137
4572 137
4573 137
4574 137
4575 137
4576 0
4577 0
4578 0
4579 0
4580 0
4581 0
4582 0
4583 0
4584 0
4585 0
4586 0
4587 0
4588 0
4589 0
4590 0
4591 137
4592 137
4593 137
4594 137
4595 137
4596 137
4597 137
4598 137
4599 137
4600 137
4601 0
4602 0
4603 0
4604 0
4605 0
4606 0
4607 0
4608 0
4609 0
4610 0
4611 137
4612 137
4613 137
4614 137
4615 137
4616 0
4617 0
4618 0
4619 0
4620 0
4621 137
4622 137
4623 137
4624 137
4625 137
4626 0
4627 0
4628 0
4629 0
4630 0
4631 137
4632 137
4633 137
4634 137
4635 137
4636 0
4637 0
4638 0
4639 0
4640 0
4641 137
4642 137
4643 137
4644 137
4645 137
4646 137
4647 137
4648 137
4649 137
4650 137
4651 137
4652 137
4653 137
4654 137
4655 137
4656 0
4657 0
4658 0
4659 0
4660 0
4661 0
4662 0
4663 0
4664 0
4665 0
4666 0
4667 0
4668 0
4669 0
4670 0
4671 0
4672 0
4673 0
4674 0
4675 0
4676 0
4677 0
4678 0
4679 0
4680 0
4681 0
4682 0
4683 0
4684 0
4685 0
4686 0
4687 0
4688 0
4689 0
4690 0
4691 0
4692 0
4693 0
4694 0
4695 0
4696 0
4697 0
4698 0
4699 0
4700 0
4701 0
4702 0
4703 0
4704 0
4705 0
4706 0
4707 0
4708 0
4709 0
4710 0
4711 137
4712 137
4713 137
4714 137
4715 137
4716 0
4717 0
4718 0
4719 0
4720 0
4721 137
4722 137
4723 137
4724 137
4725 137
4726 137
4727 137
4728 137
4729 137
4730 137
4731 137
4732 137
4733 137
4734 137
4735 137
4736 0
4737 0
4738 0
4739 0
4740 0
4741 0
4742 0
4743 0
4744 0
4745 0
4746 0
4747 0
4748 0
4749 0
4750 0
4751 137
4752 137
4753 137
4754 137
4755 137
4756 0
4757 0
4758 0
4759 0
4760 0
4761 0
4762 0
4763 0
4764 0
4765 0
4766 0
4767 0
4768 0
4769 0
4770 0
4771 0
4772 0
4773 0
4774 0
4775 0
4776 0
4777 0
4778 0
4779 0
4780 0
4781 0
4782 0
4783 0
4784 0
4785 0
4786 0
4787 0
4788 0
4789 0
4790 0
4791 0
4792 0
4793 0
4794 0
4795 0
4796 0
4797 0
4798 0
4799 0
4800 0
4801 0
4802 0
4803 0
4804 0
4805 0
4806 137
4807 137
4808 137
4809 137
4810 137
4811 0
4812 0
4813 0
4814 0
4815 0
4816 0
4817 0
4818 0
4819 0
4820 0
4821 0
4822 0
4823 0
4824 0
4825 0
4826 0
4827 0
4828 0
4829 0
4830 0
4831 137
4832 137
4833 137
4834 137
4835 137
4836 0
4837 0
4838 0
4839 0
4840 0
4841 0
4842 0
4843 0
4844 0
4845 0
4846 0
4847 0
4848 0
4849 0
4850 0
4851 0
4852 0
4853 0
4854 0
4855 0
4856 0
4857 0
4858 0
4859 0
4860 0
4861 0
4862 0
4863 0
4864 0
4865 0
4866 0
4867 0
4868 0
4869 0
4870 0
4871 0
4872 0
4873 0
4874 0
4875 0
4876 0
4877 0
4878 0
4879 0
4880 0
4881 0
4882 0
4883 0
4884 0
4885 0
4886 0
4887 0
4888 0
4889 0
4890 0
4891 0
4892 0
4893 0
4894 0
4895 0
4896 0
4897 0
4898 0
4899 0
4900 0
4901 0
4902 0
4903 0
4904 0
4905 0
4906 137
4907 137
4908 137
4909 137
4910 137
4911 137
4912 137
4913 137
4914 137
4915 137
4916 137
4917 137
4918 137
4919 137
4920 137
4921 0
4922 0
4923 0
4924 0
4925 0
4926 0
4927 0
4928 0
4929 0
4930 137
4931 0
4932 0
4933 0
4934 0
4935 0
4936 137
4937 137
4938 137
4939 137
4940 137
4941 0
4942 0
4943 0
4944 0
4945 0
4946 137
4947 137
4948 137
4949 137
4950 137
4951 0
4952 0
4953 0
4954 0
4955 0
4956 0
4957 0
4958 0
4959 0
4960 0
4961 137
4962 137
4963 137
4964 137
4965 137
4966 0
4967 0
4968 0
4969 0
4970 0
4971 0
4972 0
4973 0
4974 0
4975 0
4976 0
4977 0
4978 0
4979 0
4980 0
4981 0
4982 0
4983 0
4984 0
4985 0
4986 0
4987 0
4988 0
4989 0
4990 0
4991 0
4992 0
4993 0
4994 0
4995 0
4996 137
4997 137
4998 137
4999 137
5000 137
5001 137
5002 137
5003 137
5004 137
5005 137
5006 137
5007 137
5008 137
5009 137
5010 137
5011 137
5012 137
5013 137
5014 137
5015 137
5016 0
5017 0
5018 0
5019 0
5020 0
5021 137
5022 137
5023 137
5024 137
5025 137
5026 137
5027 137
5028 137
5029 137
5030 137
5031 137
5032 137
5033 137
5034 137
5035 137
5036 137
5037 137
5038 137
5039 137
5040 137
5041 137
5042 137
5043 137
5044 137
5045 137
5046 137
5047 137
5048 137
5049 137
5050 137
5051 137
5052 137
5053 137
5054 137
5055 137
5056 0
5057 0
5058 0
5059 0
5060 0
5061 137
5062 137
5063 137
5064 137
5065 137
5066 0
5067 0
5068 0
5069 0
5070 0
5071 137
5072 137
5073 137
5074 137
5075 137
5076 137
5077 137
5078 137
5079 137
5080 137
5081 137
5082 137
5083 137
5084 137
5085 137
5086 0
5087 0
5088 0
5089 0
5090 0
5091 137
5092 137
5093 137
5094 137
5095 137
5096 137
5097 137
5098 137
5099 137
5100 137
5101 137
5102 137
5103 137
5104 137
5105 137
5106 137
5107 137
5108 137
5109 137
5110 137
5111 137
5112 137
5113 137
5114 137
5115 137
5116 137
5117 137
5118 137
5119 137
5120 137
5121 137
5122 137
5123 137
5124 137
5125 137
5126 137
5127 137
5128 137
5129 137
5130 137
5131 137
5132 137
5133 137
5134 137
5135 137
5136 137
5137 137
5138 137
5139 137
5140 137
5141 137
5142 137
5143 137
5144 137
5145 137
5146 137
5147 137
5148 137
5149 137
5150 137
5151 137
5152 137
5153 137
5154 137
5155 137
5156 0
5157 0
5158 0
5159 0
5160 0
5161 137
5162 137
5163 137
5164 137
5165 137
5166 137
5167 137
5168 137
5169 137
5170 137
5171 137
5172 137
5173 137
5174 137
5175 137
5176 0
5177 0
5178 0
5179 0
5180 0
5181 137
5182 137
5183 137
5184 137
5185 137
5186 0
5187 0
5188 0
5189 0
5190 0
5191 0
5192 0
5193 0
5194 0
5195 0
5196 137
5197 137
5198 137
5199 137
5200 137
5201 137
5202 137
5203 137
5204 137
5205 137
5206 0
5207 0
5208 0
5209 0
5210 0
5211 137
5212 137
5213 137
5214 137
5215 137
5216 0
5217 0
5218 0
5219 0
5220 0
5221 0
5222 0
5223 0
5224 0
5225 0
5226 137
5227 137
5228 137
5229 137
5230 137
5231 137
5232 137
5233 137
5234 137
5235 137
5236 0
5237 0
5238 0
5239 0
5240 0
5241 137
5242 137
5243 137
5244 137
5245 137
5246 137
5247 137
5248 137
5249 137
5250 137
5251 137
5252 137
5253 137
5254 137
5255 137
5256 137
5257 137
5258 137
5259 137
5260 137
5261 0
5262 0
5263 0
5264 0
5265 0
5266 137
5267 137
5268 137
5269 137
5270 137
5271 0
5272 0
5273 0
5274 0
5275 0
5276 137
5277 137
5278 137
5279 137
5280 137
5281 137
5282 137
5283 137
5284 137
5285 137
5286 0
5287 0
5288 0
5289 0
5290 0
5291 137
5292 137
5293 137
5294 137
5295 137
5296 137
5297 137
5298 137
5299 137
5300 137
5301 0
5302 0
5303 0
5304 0
5305 0
5306 137
5307 137
5308 137
5309 137
5310 137
5311 137
5312 137
5313 137
5314 137
5315 137
5316 137
5317 137
5318 137
5319 137
5320 137
5321 137
5322 137
5323 137
5324 137
5325 137
5326 137
5327 137
5328 137
5329 137
5330 137
5331 0
5332 0
5333 0
5334 0
5335 0
5336 137
5337 137
5338 137
5339 137
5340 137
5341 137
5342 137
5343 137
5344 137
5345 137
5346 137
5347 137
5348 137
5349 137
5350 137
5351 137
5352 137
5353 137
5354 137
5355 137
5356 137
5357 137
5358 137
5359 137
5360 137
5361 137
5362 137
5363 137
5364 137
5365 137
5366 137
5367 137
5368 137
5369 137
5370 137
5371 0
5372 0
5373 0
5374 0
5375 0
5376 137
5377 137
5378 137
5379 137
5380 137
5381 137
5382 137
5383 137
5384 137
5385 137
5386 0
5387 0
5388 0
5389 0
5390 0
5391 0
5392 0
5393 0
5394 0
5395 0
5396 0
5397 0
5398 0
5399 0
5400 0
5401 137
5402 137
5403 137
5404 137
5405 137
5406 137
5407 137
5408 137
5409 137
5410 137
5411 0
5412 0
5413 0
5414 0
5415 0
5416 0
5417 0
5418 0
5419 0
5420 0
5421 137
5422 137
5423 137
5424 137
5425 137
5426 137
5427 137
5428 137
5429 137
5430 137
5431 0
5432 0
5433 0
5434 0
5435 0
5436 137
5437 137
5438 137
5439 137
5440 137
5441 0
5442 0
5443 0
5444 0
5445 0
5446 0
5447 0
5448 0
5449 0
5450 0
5451 0
5452 0
5453 0
5454 0
5455 0
5456 137
5457 137
5458 137
5459 137
5460 137
5461 137
5462 137
5463 137
5464 137
5465 137
5466 137
5467 137
5468 137
5469 137
5470 137
5471 0
5472 0
5473 0
5474 0
5475 0
5476 137
5477 137
5478 137
5479 137
5480 137
5481 137
5482 137
5483 137
5484 137
5485 137
5486 137
5487 137
5488 137
5489 137
5490 137
5491 137
5492 137
5493 137
5494 137
5495 137
5496 137
5497 137
5498 137
5499 137
5500 137
5501 137
5502 137
5503 137
5504 137
5505 137
5506 0
5507 0
5508 0
5509 0
5510 0
5511 0
5512 0
5513 0
5514 0
5515 0
5516 137
5517 137
5518 137
5519 137
5520 137
5521 137
5522 137
5523 137
5524 137
5525 137
5526 137
5527 137
5528 137
5529 137
5530 137
5531 137
5532 137
5533 137
5534 137
5535 137
5536 137
5537 137
5538 137
5539 137
5540 137
5541 137
5542 137
5543 137
5544 137
5545 137
5546 137
5547 137
5548 137
5549 137
5550 137
5551 137
5552 137
5553 137
5554 137
5555 137
5556 137
5557 137
5558 137
5559 137
5560 137
5561 137
5562 137
5563 137
5564 137
5565 137
5566 0
5567 0
5568 0
5569 0
5570 0
5571 137
5572 137
5573 137
5574 137
5575 137
5576 0
5577 0
5578 0
5579 0
5580 0
5581 137
5582 137
5583 137
5584 137
5585 137
5586 0
5587 0
5588 0
5589 0
5590 0
5591 137
5592 137
5593 137
5594 137
5595 137
5596 137
5597 137
5598 137
5599 137
5600 137
5601 0
5602 0
5603 0
5604 0
5605 0
5606 0
5607 0
5608 0
5609 0
5610 0
5611 137
5612 137
5613 137
5614 137
5615 137
5616 0
5617 0
5618 0
5619 0
5620 0
5621 137
5622 137
5623 137
5624 137
5625 137
5626 0
5627 0
5628 0
5629 0
5630 0
5631 137
5632 137
5633 137
5634 137
5635 137
5636 137
5637 137
5638 137
5639 137
5640 137
5641 137
5642 137
5643 137
5644 137
5645 137
5646 137
5647 137
5648 137
5649 137
5650 137
5651 137
5652 137
5653 137
5654 137
5655 137
5656 0
5657 0
5658 0
5659 0
5660 0
5661 0
5662 0
5663 0
5664 0
5665 0
5666 137
5667 137
5668 137
5669 137
5670 137
5671 137
5672 137
5673 137
5674 137
5675 137
5676 0
5677 0
5678 0
5679 0
5680 0
5681 0
5682 0
5683 0
5684 0
5685 0
5686 137
5687 137
5688 137
5689 137
5690 137
5691 137
5692 137
5693 137
5694 137
5695 137
5696 0
5697 0
5698 0
5699 0
5700 0
5701 137
5702 137
5703 137
5704 137
5705 137
5706 0
5707 0
5708 0
5709 0
5710 0
5711 137
5712 137
5713 137
5714 137
5715 137
5716 0
5717 0
5718 0
5719 0
5720 0
5721 137
5722 137
5723 137
5724 137
5725 137
5726 137
5727 137
5728 137
5729 137
5730 137
5731 137
5732 137
5733 137
5734 137
5735 137
5736 0
5737 0
5738 0
5739 0
5740 0
5741 0
5742 0
5743 0
5744 0
5745 0
5746 0
5747 0
5748 0
5749 0
5750 0
5751 137
5752 137
5753 137
5754 137
5755 137
5756 137
5757 137
5758 137
5759 137
5760 137
5761 0
5762 0
5763 0
5764 0
5765 0
5766 0
5767 0
5768 0
5769 0
5770 0
5771 137
5772 137
5773 137
5774 137
5775 137
5776 137
5777 137
5778 137
5779 137
5780 137
5781 137
5782 137
5783 137
5784 137
5785 137
5786 0
5787 0
5788 0
5789 0
5790 0
5791 0
5792 0
5793 0
5794 0
5795 0
5796 137
5797 137
5798 137
5799 137
5800 137
5801 137
5802 137
5803 137
5804 137
5805 137
5806 137
5807 137
5808 137
5809 137
5810 137
5811 137
5812 137
5813 137
5814 137
5815 137
5816 137
5817 137
5818 137
5819 137
5820 137
5821 0
5822 0
5823 0
5824 0
5825 0
5826 137
5827 137
5828 137
5829 137
5830 137
5831 137
5832 137
5833 137
5834 137
5835 137
5836 137
5837 137
5838 137
5839 137
5840 137
5841 0
5842 0
5843 0
5844 0
5845 0
5846 137
5847 137
5848 137
5849 137
5850 137
5851 137
5852 137
5853 137
5854 137
5855 137
5856 0
5857 0
5858 0
5859 0
5860 0
5861 137
5862 137
5863 137
5864 137
5865 137
5866 137
5867 137
5868 137
5869 137
5870 137
5871 137
5872 137
5873 137
5874 137
5875 137
5876 137
5877 137
5878 137
5879 137
5880 137
5881 137
5882 137
5883 137
5884 137
5885 137
5886 137
5887 137
5888 137
5889 137
5890 137
5891 137
5892 137
5893 137
5894 137
5895 137
5896 0
5897 0
5898 0
5899 0
5900 0
5901 137
5902 137
5903 137
5904 137
5905 137
5906 137
5907 137
5908 137
5909 137
5910 137
5911 137
5912 137
5913 137
5914 137
5915 137
5916 137
5917 137
5918 137
5919 137
5920 137
5921 0
5922 0
5923 0
5924 0
5925 0
5926 137
5927 137
5928 137
5929 137
5930 137
5931 0
5932 0
5933 0
5934 0
5935 0
5936 137
5937 137
5938 137
5939 137
5940 137
5941 0
5942 0
5943 0
5944 0
5945 0
5946 137
5947 137
5948 137
5949 137
5950 137
5951 0
5952 0
5953 0
5954 0
5955 0
5956 0
5957 0
5958 0
5959 0
5960 0
5961 137
5962 137
5963 137
5964 137
5965 137
5966 137
5967 137
5968 137
5969 137
5970 137
5971 137
5972 137
5973 137
5974 137
5975 137
5976 137
5977 137
5978 137
5979 137
5980 137
5981 137
5982 137
5983 137
5984 137
5985 137
5986 137
5987 137
5988 137
5989 137
5990 137
5991 0
5992 0
5993 0
5994 0
5995 0
5996 137
5997 137
5998 137
5999 137
6000 137
6001 137
6002 137
6003 137
6004 137
6005 137
6006 137
6007 137
6008 137
6009 137
6010 137
6011 137
6012 137
6013 137
6014 137
6015 137
6016 137
6017 137
6018 137
6019 137
6020 137
6021 137
6022 137
6023 137
6024 137
6025 137
6026 137
6027 137
6028 137
6029 137
6030 137
6031 137
6032 137
6033 137
6034 137
6035 137
6036 137
6037 137
6038 137
6039 137
6040 137
6041 137
6042 137
6043 137
6044 137
6045 137
6046 137
6047 137
6048 137
6049 137
6050 137
6051 137
6052 137
6053 137
6054 137
6055 137
6056 137
6057 137
6058 137
6059 137
6060 137
6061 137
6062 137
6063 137
6064 137
6065 137
6066 137
6067 137
6068 137
6069 137
6070 137
6071 137
6072 137
6073 137
6074 137
6075 137
6076 137
6077 137
6078 137
6079 137
6080 137
6081 137
6082 137
6083 137
6084 137
6085 137
6086 137
6087 137
6088 137
6089 137
6090 137
6091 137
6092 137
6093 137
6094 137
6095 137
6096 137
6097 137
6098 137
6099 137
6100 137
6101 137
6102 137
6103 137
6104 137
6105 137
6106 137
6107 137
6108 137
6109 137
6110 137
6111 137
6112 137
6113 137
6114 137
6115 137
6116 137
6117 137
6118 137
6119 137
6120 137
6121 137
6122 137
6123 137
6124 137
6125 137
6126 137
6127 137
6128 137
6129 137
6130 137
6131 137
6132 137
6133 137
6134 137
6135 137
6136 137
6137 137
6138 137
6139 137
6140 137
6141 137
6142 137
6143 137
6144 137
6145 137
6146 137
6147 137
6148 137
6149 137
6150 137
6151 137
6152 137
6153 137
6154 137
6155 137
6156 137
6157 137
6158 137
6159 137
6160 137
6161 137
6162 137
6163 137
6164 137
6165 137
6166 137
6167 137
6168 137
6169 137
6170 137
6171 137
6172 137
6173 137
6174 137
6175 137
6176 137
6177 137
6178 137
6179 137
6180 137
6181 137
6182 137
6183 137
6184 137
6185 137
6186 137
6187 137
6188 137
6189 137
6190 137
6191 137
6192 137
6193 137
6194 137
6195 137
6196 137
6197 137
6198 137
6199 137
6200 137
6201 137
6202 137
6203 137
6204 137
6205 137
6206 137
6207 137
6208 137
6209 137
6210 137
6211 137
6212 137
6213 137
6214 137
6215 137
6216 137
6217 137
6218 137
6219 137
6220 137
6221 137
6222 137
6223 137
6224 137
6225 137
6226 137
6227 137
6228 137
6229 137
6230 137
6231 137
6232 137
6233 137
6234 137
6235 137
6236 137
6237 137
6238 137
6239 137
6240 137
6241 137
6242 137
6243 137
6244 137
6245 137
6246 137
6247 137
6248 137
6249 137
6250 137
6251 137
6252 137
6253 137
6254 137
6255 137
6256 137
6257 137
6258 137
6259 137
6260 137
6261 137
6262 137
6263 137
6264 137
6265 137
6266 137
6267 137
6268 137
6269 137
6270 137
6271 137
6272 137
6273 137
6274 137
6275 137
6276 137
6277 137
6278 137
6279 137
6280 137
6281 137
6282 137
6283 137
6284 137
6285 137
6286 137
6287 137
6288 137
6289 137
6290 137
6291 137
6292 137
6293 137
6294 137
6295 137
6296 137
6297 137
6298 137
6299 137
6300 137
6301 137
6302 137
6303 137
6304 137
6305 137
6306 137
6307 137
6308 137
6309 137
6310 137
6311 137
6312 137
6313 137
6314 137
6315 137
6316 137
6317 137
6318 137
6319 137
6320 137
6321 137
6322 137
6323 137
6324 137
6325 137
6326 137
6327 137
6328 137
6329 137
6330 137
6331 137
6332 137
6333 137
6334 137
6335 137
6336 137
6337 137
6338 137
6339 137
6340 137
6341 137
6342 137
6343 137
6344 137
6345 137
6346 137
6347 137
6348 137
6349 137
6350 137
6351 137
6352 137
6353 137
6354 137
6355 137
6356 137
6357 137
6358 137
6359 137
6360 137
6361 137
6362 137
6363 137
6364 137
6365 137
6366 137
6367 137
6368 137
6369 137
6370 137
6371 137
6372 137
6373 137
6374 137
6375 137
6376 137
6377 137
6378 137
6379 137
6380 137
6381 137
6382 137
6383 137
6384 137
6385 137
6386 137
6387 137
6388 137
6389 137
6390 137
6391 137
6392 137
6393 137
6394 137
6395 137
6396 137
6397 137
6398 137
6399 137
6400 137
6401 137
6402 137
6403 137
6404 137
6405 137
6406 137
6407 137
6408 137
6409 137
6410 137
6411 137
6412 137
6413 137
6414 137
6415 137
6416 137
6417 137
6418 137
6419 137
6420 137
6421 137
6422 137
6423 137
6424 137
6425 137
6426 137
6427 137
6428 137
6429 137
6430 137
6431 137
6432 137
6433 137
6434 137
6435 137
6436 137
6437 137
6438 137
6439 137
6440 137
6441 137
6442 137
6443 137
6444 137
6445 137
6446 137
6447 137
6448 137
6449 137
6450 137
6451 137
6452 137
6453 137
6454 137
6455 137
6456 137
6457 137
6458 137
6459 137
6460 137
6461 137
6462 137
6463 137
6464 137
6465 137
6466 137
6467 137
6468 137
6469 137
6470 137
6471 137
6472 137
6473 137
6474 137
6475 137
6476 137
6477 137
6478 137
6479 137
6480 137
6481 137
6482 137
6483 137
6484 137
6485 137
6486 137
6487 137
6488 137
6489 137
6490 137
6491 137
6492 137
6493 137
6494 137
6495 137
6496 137
6497 137
6498 137
6499 137
6500 137
6501 137
6502 137
6503 137
6504 137
6505 137
6506 137
6507 137
6508 137
6509 137
6510 137
6511 137
6512 137
6513 137
6514 137
6515 137
6516 137
6517 137
6518 137
6519 137
6520 137
6521 137
6522 137
6523 137
6524 137
6525 137
6526 137
6527 137
6528 137
6529 137
6530 137
6531 137
6532 137
6533 137
6534 137
6535 137
6536 137
6537 137
6538 137
6539 137
6540 137
6541 137
6542 137
6543 137
6544 137
6545 137
6546 137
6547 137
6548 137
6549 137
6550 137
6551 137
6552 137
6553 137
6554 137
6555 137
6556 137
6557 137
6558 137
6559 137
6560 137
6561 137
6562 137
6563 137
6564 137
6565 137
6566 137
6567 137
6568 137
6569 137
6570 137
6571 137
6572 137
6573 137
6574 137
6575 137
6576 137
6577 137
6578 137
6579 137
6580 137
6581 137
6582 137
6583 137
6584 137
6585 137
6586 137
6587 137
6588 137
6589 137
6590 137
6591 137
6592 137
6593 137
6594 137
6595 137
6596 137
6597 137
6598 137
6599 137
6600 137
6601 137
6602 137
6603 137
6604 137
6605 137
6606 137
6607 137
6608 137
6609 137
6610 137
6611 137
6612 137
6613 137
6614 137
6615 137
6616 137
6617 137
6618 137
6619 137
6620 137
6621 137
6622 137
6623 137
6624 137
6625 137
6626 137
6627 137
6628 137
6629 137
6630 137
6631 137
6632 137
6633 137
6634 137
6635 137
6636 137
6637 137
6638 137
6639 137
6640 137
6641 137
6642 137
6643 137
6644 137
6645 137
6646 137
6647 137
6648 137
6649 137
6650 137
6651 137
6652 137
6653 137
6654 137
6655 137
6656 137
6657 137
6658 137
6659 137
6660 137
6661 137
6662 137
6663 137
6664 137
6665 137
6666 137
6667 137
6668 137
6669 137
6670 137
6671 137
6672 137
6673 137
6674 137
6675 137
6676 137
6677 137
6678 137
6679 137
6680 137
6681 137
6682 137
6683 137
6684 137
6685 137
6686 137
6687 137
6688 137
6689 137
6690 137
6691 137
6692 137
6693 137
6694 137
6695 137
6696 137
6697 137
6698 137
6699 137
6700 137
6701 137
6702 137
6703 137
6704 137
6705 137
6706 137
6707 137
6708 137
6709 137
6710 137
6711 137
6712 137
6713 137
6714 137
6715 137
6716 137
6717 137
6718 137
6719 137
6720 137
6721 137
6722 137
6723 137
6724 137
6725 137
6726 137
6727 137
6728 137
6729 137
6730 137
6731 137
6732 137
6733 137
6734 137
6735 137
6736 137
6737 137
6738 137
6739 137
6740 137
6741 137
6742 137
6743 137
6744 137
6745 137
6746 137
6747 137
6748 137
6749 137
6750 137
6751 137
6752 137
6753 137
6754 137
6755 137
6756 137
6757 137
6758 137
6759 137
6760 137
6761 137
6762 137
6763 137
6764 137
6765 137
6766 137
6767 137
6768 137
6769 137
6770 137
6771 137
6772 137
6773 137
6774 137
6775 137
6776 137
6777 137
6778 137
6779 137
6780 137
6781 137
6782 137
6783 137
6784 137
6785 137
6786 137
6787 137
6788 137
6789 137
6790 137
6791 137
6792 137
6793 137
6794 137
6795 137
6796 137
6797 137
6798 137
6799 137
6800 137
6801 137
6802 137
6803 137
6804 137
6805 137
6806 137
6807 137
6808 137
6809 137
6810 137
6811 137
6812 137
6813 137
6814 137
6815 137
6816 137
6817 137
6818 137
6819 137
6820 137
6821 137
6822 137
6823 137
6824 137
6825 137
6826 137
6827 137
6828 137
6829 137
6830 137
6831 137
6832 137
6833 137
6834 137
6835 137
6836 137
6837 137
6838 137
6839 137
6840 137
6841 137
6842 137
6843 137
6844 137
6845 137
6846 137
6847 137
6848 137
6849 137
6850 137
6851 137
6852 137
6853 137
6854 137
6855 137
6856 137
6857 137
6858 137
6859 137
6860 137
6861 137
6862 137
6863 137
6864 137
6865 137
6866 137
6867 137
6868 137
6869 137
6870 137
6871 137
6872 137
6873 137
6874 137
6875 137
6876 137
6877 137
6878 137
6879 137
6880 137
6881 137
6882 137
6883 137
6884 137
6885 137
6886 137
6887 137
6888 137
6889 137
6890 137
6891 137
6892 137
6893 137
6894 137
6895 137
6896 137
6897 137
6898 137
6899 137
6900 137
6901 137
6902 137
6903 137
6904 137
6905 137
6906 137
6907 137
6908 137
6909 137
6910 137
6911 137
6912 137
6913 137
6914 137
6915 137
6916 137
6917 137
6918 137
6919 137
6920 137
6921 137
6922 137
6923 137
6924 137
6925 137
6926 137
6927 137
6928 137
6929 137
6930 137
6931 137
6932 137
6933 137
6934 137
6935 137
6936 137
6937 137
6938 137
6939 137
6940 137
6941 137
6942 137
6943 137
6944 137
6945 137
6946 137
6947 137
6948 137
6949 137
6950 137
6951 137
6952 137
6953 137
6954 137
6955 137
6956 137
6957 137
6958 137
6959 137
6960 137
6961 137
6962 137
6963 137
6964 137
6965 137
6966 137
6967 137
6968 137
6969 137
6970 137
6971 137
6972 137
6973 137
6974 137
6975 137
6976 137
6977 137
6978 137
6979 137
6980 137
6981 137
6982 137
6983 137
6984 137
6985 137
6986 137
6987 137
6988 137
6989 137
6990 137
6991 137
6992 137
6993 137
6994 137
6995 137
6996 137
6997 137
6998 137
6999 137
7000 137
7001 137
7002 137
7003 137
7004 137
7005 137
7006 137
7007 137
7008 137
7009 137
7010 137
7011 137
7012 137
7013 137
7014 137
7015 137
7016 137
7017 137
7018 137
7019 137
7020 137
7021 137
7022 137
7023 137
7024 137
7025 137
7026 137
7027 137
7028 137
7029 137
7030 137
7031 137
7032 137
7033 137
7034 137
7035 137
7036 137
7037 137
7038 137
7039 137
7040 137
7041 137
7042 137
7043 137
7044 137
7045 137
7046 137
7047 137
7048 137
7049 137
7050 137
7051 137
7052 137
7053 137
7054 137
7055 137
7056 137
7057 137
7058 137
7059 137
7060 137
7061 137
7062 137
7063 137
7064 137
7065 137
7066 137
7067 137
7068 137
7069 137
7070 137
7071 137
7072 137
7073 137
7074 137
7075 137
7076 137
7077 137
7078 137
7079 137
7080 137
7081 137
7082 137
7083 137
7084 137
7085 137
7086 137
7087 137
7088 137
7089 137
7090 137
7091 137
7092 137
7093 137
7094 137
7095 137
7096 137
7097 137
7098 137
7099 137
7100 137
7101 137
7102 137
7103 137
7104 137
7105 137
7106 137
7107 137
7108 137
7109 137
7110 137
7111 137
7112 137
7113 137
7114 137
7115 137
7116 137
7117 137
7118 137
7119 137
7120 137
7121 137
7122 137
7123 137
7124 137
7125 137
7126 137
7127 137
7128 137
7129 137
7130 137
7131 137
7132 137
7133 137
7134 137
7135 137
7136 137
7137 137
7138 137
7139 137
7140 137
7141 137
7142 137
7143 137
7144 137
7145 137
7146 137
7147 137
7148 137
7149 137
7150 137
7151 137
7152 137
7153 137
7154 137
7155 137
7156 137
7157 137
7159 137
7160 137
7161 137
7162 137
7163 137
7164 137
7165 137
7166 137
7167 137
7168 137
7169 137
7170 137
7171 137
7172 137
7173 137
7174 137
7175 137
7176 0
7177 0
7178 0
7179 0
7180 0
7181 137
7182 137
7183 137
7184 137
7185 137
7186 0
7187 0
7188 0
7189 0
7190 0
7191 0
7192 0
7193 0
7194 0
7195 0
7196 137
7197 137
7198 137
7199 137
7200 137
7201 137
7202 137
7203 137
7204 137
7205 137
7206 0
7207 0
7208 0
7209 0
7210 0
7211 137
7212 137
7213 137
7214 137
7215 137
7216 0
7217 0
7218 0
7219 0
7220 0
7221 0
7222 0
7223 0
7224 0
7225 0
7226 137
7227 137
7228 137
7229 137
7230 137
7231 137
7232 137
7233 137
7234 137
7235 137
7236 0
7237 0
7238 0
7239 0
7240 0
7241 137
7242 137
7243 137
7244 137
7245 137
7246 137
7247 137
7248 137
7249 137
7250 137
7251 137
7252 137
7253 137
7254 137
7255 137
7256 137
7257 137
7258 137
7259 137
7260 137
7261 0
7262 0
7263 0
7264 0
7265 0
7266 137
7267 137
7268 137
7269 137
7270 137
7271 0
7272 0
7273 0
7274 0
7275 0
7276 137
7277 137
7278 137
7279 137
7280 137
7281 137
7282 137
7283 137
7284 137
7285 137
7286 0
7287 0
7288 0
7289 0
7290 0
7291 137
7292 137
7293 137
7294 137
7295 137
7296 137
7297 137
7298 137
7299 137
7300 137
7301 0
7302 0
7303 0
7304 0
7305 0
7306 137
7307 137
7308 137
7309 137
7310 137
7311 137
7312 137
7313 137
7314 137
7316 137
7317 137
7318 137
7319 137
7320 137
7321 137
7322 137
7323 137
7324 137
7325 137
7326 137
7327 137
7328 137
7329 137
7330 137
7331 137
7332 137
7333 137
7334 137
7335 137
7336 137
7337 137
7338 137
7339 137
7340 137
7341 137
7342 137
7343 137
7344 137
7345 137
7346 137
7347 137
7348 137
7349 137
7350 137
7351 137
7352 137
7353 137
7354 137
7355 137
7356 137
7357 137
7358 137
7359 137
7360 137
7361 137
7362 137
7363 137
7364 137
7365 137
7366 137
7367 137
7368 137
7369 137
7370 137
7371 0
7372 0
7373 0
7374 0
7375 0
7376 137
7377 137
7378 137
7379 137
7380 137
7381 137
7382 137
7383 137
7384 137
7385 137
7386 137
7387 137
7388 137
7389 137
7390 137
7391 137
7392 137
7393 137
7394 137
7395 137
7396 0
7397 0
7398 0
7399 0
7400 0
7401 137
7402 137
7403 137
7404 137
7405 137
7406 137
7407 137
7408 137
7409 137
7410 137
7411 0
7412 0
7413 0
7414 0
7415 0
7416 0
7417 0
7418 0
7419 0
7420 0
7421 137
7422 137
7423 137
7424 137
7425 137
7426 137
7427 137
7428 137
7429 137
7430 137
7431 0
7432 0
7433 0
7434 0
7435 0
7436 137
7437 137
7438 137
7439 137
7440 137
7441 137
7442 137
7443 137
7444 137
7445 137
7446 0
7447 0
7448 0
7449 0
7450 0
7451 0
7452 0
7453 0
7454 0
7455 0
7456 137
7457 137
7458 137
7459 137
7460 137
7461 137
7462 137
7463 137
7464 137
7465 137
7466 137
7467 137
7468 137
7469 137
7470 137
7471 137
7472 137
7473 137
7474 137
7475 137
7476 137
7477 137
7478 137
7479 137
7480 137
7481 137
7482 137
7483 137
7484 137
7485 137
7486 137
7487 137
7488 137
7489 137
7490 137
7491 137
7492 137
7493 137
7494 137
7495 137
7496 137
7497 137
7498 137
7499 137
7500 137
7501 137
7502 137
7503 137
7504 137
7505 137
7506 137
7507 137
7508 137
7509 137
7510 137
7511 0
7512 0
7513 0
7514 0
7515 0
7516 137
7517 137
7518 137
7519 137
7520 137
7521 137
7522 137
7523 137
7524 137
7525 137
7526 137
7527 137
7528 137
7529 137
7530 137
7531 137
7532 137
7533 137
7534 137
7535 137
7536 137
7537 137
7538 137
7539 137
7540 137
7541 137
7542 137
7543 137
7544 137
7545 137
7546 137
7547 137
7548 137
7549 137
7550 137
7551 137
7552 137
7553 137
7554 137
7555 137
7556 137
7557 137
7558 137
7559 137
7560 137
7561 137
7562 137
7563 137
7564 137
7565 137
7566 0
7567 0
7568 0
7569 0
7570 0
7571 137
7572 137
7573 137
7574 137
7575 137
7576 0
7577 0
7578 0
7579 0
7580 0
7581 137
7582 137
7583 137
7584 137
7585 137
7586 0
7587 0
7588 0
7589 0
7590 0
7591 137
7592 137
7593 137
7594 137
7595 137
7596 137
7597 137
7598 137
7599 137
7600 137
7601 0
7602 0
7603 0
7604 0
7605 0
7606 0
7607 0
7608 0
7609 0
7610 0
7611 137
7612 137
7613 137
7614 137
7615 137
7616 0
7617 0
7618 0
7619 0
7620 0
7621 137
7622 137
7623 137
7624 137
7625 137
7626 0
7627 0
7628 0
7629 0
7630 0
7631 137
7632 137
7633 137
7634 137
7635 137
7636 137
7637 137
7638 137
7639 137
7640 137
7641 137
7642 137
7643 137
7644 137
7645 137
7646 137
7647 137
7648 137
7649 137
7650 137
7651 137
7652 137
7653 137
7654 137
7655 137
7656 0
7657 0
7658 0
7659 0
7660 0
7661 0
7662 0
7663 0
7664 0
7665 0
7666 137
7667 137
7668 137
7669 137
7670 137
7671 137
7672 137
7673 137
7674 137
7675 137
7676 0
7677 0
7678 0
7679 0
7680 0
7681 0
7682 0
7683 0
7684 0
7685 0
7686 137
7687 137
7688 137
7689 137
7690 137
7691 137
7692 137
7693 137
7694 137
7695 137
7696 0
7697 0
7698 0
7699 0
7700 0
7701 137
7702 137
7703 137
7704 137
7705 137
7706 137
7707 137
7708 137
7709 137
7710 137
7711 137
7712 137
7713 137
7714 137
7715 137
7716 0
7717 0
7718 0
7719 0
7720 0
7721 137
7722 137
7723 137
7724 137
7725 137
7726 137
7727 137
7728 137
7729 137
7730 137
7731 137
7732 137
7733 137
7734 137
7735 137
7736 0
7737 0
7738 0
7739 0
7740 0
7741 0
7742 0
7743 0
7744 0
7745 0
7746 0
7747 0
7748 0
7749 0
7750 0
7751 137
7752 137
7753 137
7754 137
7755 137
7756 137
7757 137
7758 137
7759 137
7760 137
7761 0
7762 0
7763 0
7764 0
7765 0
7766 137
7767 137
7768 137
7769 137
7770 137
7771 137
7772 137
7773 137
7774 137
7775 137
7776 137
7777 137
7778 137
7779 137
7780 137
7781 137
7782 137
7783 137
7784 137
7785 137
7786 0
7787 0
7788 0
7789 0
7790 0
7791 0
7792 0
7793 0
7794 0
7795 0
7796 137
7797 137
7798 137
7799 137
7800 137
7801 137
7802 137
7803 137
7804 137
7805 137
7806 137
7807 137
7808 137
7809 137
7810 137
7811 137
7812 137
7813 137
7814 137
7815 137
7816 137
7817 137
7818 137
7819 137
7820 137
7821 0
7822 0
7823 0
7824 0
7825 0
7826 137
7827 137
7828 137
7829 137
7830 137
7831 137
7832 137
7833 137
7834 137
7835 137
7836 137
7837 137
7838 137
7839 137
7840 137
7841 0
7842 0
7843 0
7844 0
7845 0
7846 137
7847 137
7848 137
7849 137
7850 137
7851 137
7852 137
7853 137
7854 137
7855 137
7856 0
7857 0
7858 0
7859 0
7860 0
7861 137
7862 137
7863 137
7864 137
7865 137
7866 137
7867 137
7868 137
7869 137
7870 137
7871 137
7872 137
7873 137
7874 137
7875 137
7876 137
7877 137
7878 137
7879 137
7880 137
7881 137
7882 137
7883 137
7884 137
7885 137
7886 137
7887 137
7888 137
7889 137
7890 137
7891 137
7892 137
7893 137
7894 137
7895 137
7896 137
7897 137
7898 137
7899 137
7900 137
7901 137
7902 137
7903 137
7904 137
7905 137
7906 137
7907 137
7908 137
7909 137
7910 137
7911 137
7912 137
7913 137
7914 137
7915 137
7916 137
7917 137
7918 137
7919 137
7920 137
7921 137
7922 137
7923 137
7924 137
7925 137
7926 137
7927 137
7928 137
7929 137
7930 137
7931 137
7932 137
7933 137
7934 137
7935 137
7936 137
7937 137
7938 137
7939 137
7940 137
7941 0
7942 0
7943 0
7944 0
7945 0
7946 137
7947 137
7948 137
7949 137
7950 137
7951 0
7952 0
7953 0
7954 0
7955 0
7956 137
7957 137
7958 137
7959 137
7960 137
7961 137
7962 137
7963 137
7964 137
7965 137
7966 137
7967 137
7968 137
7969 137
7970 137
7971 137
7972 137
7973 137
7974 137
7975 137
7976 137
7977 137
7978 137
7979 137
7980 137
7981 137
7982 137
7983 137
7984 137
7985 137
7986 137
7987 137
7988 137
7989 137
7990 137
7991 0
7992 0
7993 0
7994 0
7995 0
7996 137
7997 137
7998 137
7999 137
8000 137
8001 137
8002 137
8003 137
8004 137
8005 137
8006 137
8007 137
8008 137
8009 137
8010 137
8011 137
8012 137
8013 137
8014 137
8015 137
8016 137
8017 137
8018 137
8019 137
8020 137
8021 137
8022 137
8023 137
8024 137
8025 137
8026 137
8027 137
8028 137
8029 137
8030 137
8031 137
8032 137
8033 137
8034 137
8035 137
8036 137
8037 137
8038 137
8039 137
8040 137
8041 137
8042 137
8043 137
8044 137
8045 137
8046 137
8047 137
8048 137
8049 137
8050 137
8051 137
8052 137
8053 137
8054 137
8055 137
8056 137
8057 137
8058 137
8059 137
8060 137
8061 137
8062 137
8063 137
8064 137
8065 137
8066 137
8067 137
8068 137
8069 137
8070 137
8071 137
8072 137
8073 137
8074 137
8075 137
8076 137
8077 137
8078 137
8079 137
8080 137
8081 137
8082 137
8083 137
8084 137
8085 137
8086 0
8087 0
8088 0
8089 0
8090 0
8091 137
8092 137
8093 137
8094 137
8095 137
8096 137
8097 137
8098 137
8099 137
8100 137
8101 137
8102 137
8103 137
8104 137
8105 137
8106 137
8107 137
8108 137
8109 137
8110 137
8111 137
8112 137
8113 137
8114 137
8115 137
8116 137
8117 137
8118 137
8119 137
8120 137
8121 137
8122 137
8123 137
8124 137
8125 137
8126 137
8127 137
8128 137
8129 137
8130 137
8131 137
8132 137
8133 137
8134 137
8135 137
8136 137
8137 137
8138 137
8139 137
8140 137
8141 137
8142 137
8143 137
8144 137
8145 137
8146 137
8147 137
8148 137
8149 137
8150 137
8151 137
8152 137
8153 137
8154 137
8155 137
8156 0
8157 0
8158 0
8159 0
8160 0
8161 137
8162 137
8163 137
8164 137
8165 137
8166 137
8167 137
8168 137
8169 137
8170 137
8171 137
8172 137
8173 137
8174 137
8175 137
8176 0
8177 0
8178 0
8179 0
8180 0
8181 137
8182 137
8183 137
8184 137
8185 137
8186 0
8187 0
8188 0
8189 0
8190 0
8191 0
8192 0
8193 0
8194 0
8195 0
8196 137
8197 137
8198 137
8199 137
8200 137
8201 137
8202 137
8203 137
8204 137
8205 137
8206 0
8207 0
8208 0
8209 0
8210 0
8211 137
8212 137
8213 137
8214 137
8215 137
8216 0
8217 0
8218 0
8219 0
8220 0
8221 0
8222 0
8223 0
8224 0
8225 0
8226 137
8227 137
8228 137
8229 137
8230 137
8231 137
8232 137
8233 137
8234 137
8235 137
8236 0
8237 0
8238 0
8239 0
8240 0
8241 137
8242 137
8243 137
8244 137
8245 137
8246 137
8247 137
8248 137
8249 137
8250 137
8251 137
8252 137
8253 137
8254 137
8255 137
8256 137
8257 137
8258 137
8259 137
8260 137
8261 0
8262 0
8263 0
8264 0
8265 0
8266 137
8267 137
8268 137
8269 137
8270 137
8271 0
8272 0
8273 0
8274 0
8275 0
8276 137
8277 137
8278 137
8279 137
8280 137
8281 137
8282 137
8283 137
8284 137
8285 137
8286 0
8287 0
8288 0
8289 0
8290 0
8291 137
8292 137
8293 137
8294 137
8295 137
8296 137
8297 137
8298 137
8299 137
8300 137
8301 0
8302 0
8303 0
8304 0
8305 0
8306 137
8307 137
8308 137
8309 137
8310 137
8311 137
8312 137
8313 137
8314 137
8315 137
8316 137
8317 137
8318 137
8319 137
8320 137
8321 137
8322 137
8323 137
8324 137
8325 137
8326 137
8327 137
8328 137
8329 137
8330 137
8331 137
8332 137
8333 137
8334 137
8335 137
8336 137
8337 137
8338 137
8339 137
8340 137
8341 137
8342 137
8343 137
8344 137
8345 137
8346 137
8347 137
8348 137
8349 137
8350 137
8351 137
8352 137
8353 137
8354 137
8355 137
8356 137
8357 137
8358 137
8359 137
8360 137
8361 137
8362 137
8363 137
8364 137
8365 137
8366 137
8367 137
8368 137
8369 137
8370 137
8371 0
8372 0
8373 0
8374 0
8375 0
8376 137
8377 137
8378 137
8379 137
8380 137
8381 137
8382 137
8383 137
8384 137
8385 137
8386 137
8387 137
8388 137
8389 137
8390 137
8391 0
8392 0
8393 0
8394 0
8395 0
8396 0
8397 0
8398 0
8399 0
8400 0
8401 137
8402 137
8403 137
8404 137
8405 137
8406 137
8407 137
8408 137
8409 137
8410 137
8411 0
8412 0
8413 0
8414 0
8415 0
8416 0
8417 0
8418 0
8419 0
8420 0
8421 137
8422 137
8423 137
8424 137
8425 137
8426 137
8427 137
8428 137
8429 137
8430 137
8431 0
8432 0
8433 0
8434 0
8435 0
8436 137
8437 137
8438 137
8439 137
8440 137
8441 137
8442 137
8443 137
8444 137
8445 137
8446 0
8447 0
8448 0
8449 0
8450 0
8451 0
8452 0
8453 0
8454 0
8455 0
8456 137
8457 137
8458 137
8459 137
8460 137
8461 137
8462 137
8463 137
8464 137
8465 137
8466 137
8467 137
8468 137
8469 137
8470 137
8471 137
8472 137
8473 137
8474 137
8475 137
8476 137
8477 137
8478 137
8479 137
8480 137
8481 137
8482 137
8483 137
8484 137
8485 137
8486 137
8487 137
8488 137
8489 137
8490 137
8491 137
8492 137
8493 137
8494 137
8495 137
8496 137
8497 137
8498 137
8499 137
8500 137
8501 137
8502 137
8503 137
8504 137
8505 137
8506 137
8507 137
8508 137
8509 137
8510 137
8511 0
8512 0
8513 0
8514 0
8515 0
8516 137
8517 137
8518 137
8519 137
8520 137
8521 137
8522 137
8523 137
8524 137
8525 137
8526 137
8527 137
8528 137
8529 137
8530 137
8531 137
8532 137
8533 137
8534 137
8535 137
8536 137
8537 137
8538 137
8539 137
8540 137
8541 137
8542 137
8543 137
8544 137
8545 137
8546 137
8547 137
8548 137
8549 137
8550 137
8551 137
8552 137
8553 137
8554 137
8555 137
8556 137
8557 137
8558 137
8559 137
8560 137
8561 137
8562 137
8563 137
8564 137
8565 137
8566 0
8567 0
8568 0
8569 0
8570 0
8571 137
8572 137
8573 137
8574 137
8575 137
8576 0
8577 0
8578 0
8579 0
8580 0
8581 137
8582 137
8583 137
8584 137
8585 137
8586 0
8587 0
8588 0
8589 0
8590 0
8591 137
8592 137
8593 137
8594 137
8595 137
8596 137
8597 137
8598 137
8599 137
8600 137
8601 0
8602 0
8603 0
8604 0
8605 0
8606 0
8607 0
8608 0
8609 0
8610 0
8611 137
8612 137
8613 137
8614 137
8615 137
8616 0
8617 0
8618 0
8619 0
8620 0
8621 137
8622 137
8623 137
8624 137
8625 137
8626 0
8627 0
8628 0
8629 0
8630 0
8631 137
8632 137
8633 137
8634 137
8635 137
8636 137
8637 137
8638 137
8639 137
8640 137
8641 137
8642 137
8643 137
8644 137
8645 137
8646 137
8647 137
8648 137
8649 137
8650 137
8651 137
8652 137
8653 137
8654 137
8655 137
8656 0
8657 0
8658 0
8659 0
8660 0
8661 0
8662 0
8663 0
8664 0
8665 0
8666 137
8667 137
8668 137
8669 137
8670 137
8671 137
8672 137
8673 137
8674 137
8675 137
8676 0
8677 0
8678 0
8679 0
8680 0
8681 0
8682 0
8683 0
8684 0
8685 0
8686 137
8687 137
8688 137
8689 137
8690 137
8691 137
8692 137
8693 137
8694 137
8695 137
8696 0
8697 0
8698 0
8699 0
8700 0
8701 137
8702 137
8703 137
8704 137
8705 137
8706 137
8707 137
8708 137
8709 137
8710 137
8711 137
8712 137
8713 137
8714 137
8715 137
8716 0
8717 0
8718 0
8719 0
8720 0
8721 137
8722 137
8723 137
8724 137
8725 137
8726 137
8727 137
8728 137
8729 137
8730 137
8731 137
8732 137
8733 137
8734 137
8735 137
8736 0
8737 0
8738 0
8739 0
8740 0
8741 0
8742 0
8743 0
8744 0
8745 0
8746 0
8747 0
8748 0
8749 0
8750 0
8751 137
8752 137
8753 137
8754 137
8755 137
8756 137
8757 137
8758 137
8759 137
8760 137
8761 0
8762 0
8763 0
8764 0
8765 0
8766 0
8767 0
8768 0
8769 0
8770 0
8771 137
8772 137
8773 137
8774 137
8775 137
8776 137
8777 137
8778 137
8779 137
8780 137
8781 137
8782 137
8783 137
8784 137
8785 137
8786 0
8787 0
8788 0
8789 0
8790 0
8791 0
8792 0
8793 0
8794 0
8795 0
8796 137
8797 137
8798 137
8799 137
8800 137
8801 137
8802 137
8803 137
8804 137
8805 137
8806 137
8807 137
8808 137
8809 137
8810 137
8811 137
8812 137
8813 137
8814 137
8815 137
8816 137
8817 137
8818 137
8819 137
8820 137
8821 0
8822 0
8823 0
8824 0
8825 0
8826 137
8827 137
8828 137
8829 137
8830 137
8831 137
8832 137
8833 137
8834 137
8835 137
8836 137
8837 137
8838 137
8839 137
8840 137
8841 0
8842 0
8843 0
8844 0
8845 0
8846 137
8847 137
8848 137
8849 137
8850 137
8851 137
8852 137
8853 137
8854 137
8855 137
8856 0
8857 0
8858 0
8859 0
8860 0
8861 137
8862 137
8863 137
8864 137
8865 137
8866 137
8867 137
8868 137
8869 137
8870 137
8871 137
8872 137
8873 137
8874 137
8875 137
8876 137
8877 137
8878 137
8879 137
8880 137
8881 137
8882 137
8883 137
8884 137
8885 137
8886 137
8887 137
8888 137
8889 137
8890 137
8891 137
8892 137
8893 137
8894 137
8895 137
8896 137
8897 137
8898 137
8899 137
8900 137
8901 137
8902 137
8903 137
8904 137
8905 137
8906 137
8907 137
8908 137
8909 137
8910 137
8911 137
8912 137
8913 137
8914 137
8915 137
8916 137
8917 137
8918 137
8919 137
8920 137
8921 137
8922 137
8923 137
8924 137
8925 137
8926 137
8927 137
8928 137
8929 137
8930 137
8931 137
8932 137
8933 137
8934 137
8935 137
8936 137
8937 137
8938 137
8939 137
8940 137
8941 0
8942 0
8943 0
8944 0
8945 0
8946 137
8947 137
8948 137
8949 137
8950 137
8951 0
8952 0
8953 0
8954 0
8955 0
8956 137
8957 137
8958 137
8959 137
8960 137
8961 137
8962 137
8963 137
8964 137
8965 137
8966 137
8967 137
8968 137
8969 137
8970 137
8971 137
8972 137
8973 137
8974 137
8975 137
8976 137
8977 137
8978 137
8979 137
8980 137
8981 137
8982 137
8983 137
8984 137
8985 137
8986 137
8987 137
8988 137
8989 137
8990 137
8991 0
8992 0
8993 0
8994 0
8995 0
8996 137
8997 137
8998 137
8999 137
9000 137
9001 137
9002 137
9003 137
9004 137
9005 137
9006 137
9007 137
9008 137
9009 137
9010 137
9011 137
9012 137
9013 137
9014 137
9015 137
9016 137
9017 137
9018 137
9019 137
9020 137
9021 137
9022 137
9023 137
9024 137
9025 137
9026 137
9027 137
9028 137
9029 137
9030 137
9031 137
9032 137
9033 137
9034 137
9035 137
9036 137
9037 137
9038 137
9039 137
9040 137
9041 137
9042 137
9043 137
9044 137
9045 137
9046 137
9047 137
9048 137
9049 137
9050 137
9051 137
9052 137
9053 137
9054 137
9055 137
9056 137
9057 137
9058 137
9059 137
9060 137
9061 137
9062 137
9063 137
9064 137
9065 137
9066 137
9067 137
9068 137
9069 137
9070 137
9071 137
9072 137
9073 137
9074 137
9075 137
9076 137
9077 137
9078 137
9079 137
9080 137
9081 137
9082 137
9083 137
9084 137
9085 137
9086 0
9087 0
9088 0
9089 0
9090 0
9091 137
9092 137
9093 137
9094 137
9095 137
9096 137
9097 137
9098 137
9099 137
9100 137
9101 137
9102 137
9103 137
9104 137
9105 137
9106 137
9107 137
9108 137
9109 137
9110 137
9111 137
9112 137
9113 137
9114 137
9115 137
9116 137
9117 137
9118 137
9119 137
9120 137
9121 137
9122 137
9123 137
9124 137
9125 137
9126 137
9127 137
9128 137
9129 137
9130 137
9131 137
9132 137
9133 137
9134 137
9135 137
9136 137
9137 137
9138 137
9139 137
9140 137
9141 137
9142 137
9143 137
9144 137
9145 137
9146 137
9147 137
9148 137
9149 137
9150 137
9151 137
9152 137
9153 137
9154 137
9155 137
9156 0
9157 0
9158 0
9159 0
9160 0
9161 137
9162 137
9163 137
9164 137
9165 137
9166 137
9167 137
9168 137
9169 137
9170 137
9171 137
9172 137
9173 137
9174 137
9175 137
9176 0
9177 0
9178 0
9179 0
9180 0
9181 137
9182 137
9183 137
9184 137
9185 137
9186 0
9187 0
9188 0
9189 0
9190 0
9191 0
9192 0
9193 0
9194 0
9195 0
9196 137
9197 137
9198 137
9199 137
9200 137
9201 137
9202 137
9203 137
9204 137
9205 137
9206 0
9207 0
9208 0
9209 0
9210 0
9211 137
9212 137
9213 137
9214 137
9215 137
9216 0
9217 0
9218 0
9219 0
9220 0
9221 0
9222 0
9223 0
9224 0
9225 0
9226 137
9227 137
9228 137
9229 137
9230 137
9231 137
9232 137
9233 137
9234 137
9235 137
9236 0
9237 0
9238 0
9239 0
9240 0
9241 137
9242 137
9243 137
9244 137
9245 137
9246 137
9247 137
9248 137
9249 137
9250 137
9251 137
9252 137
9253 137
9254 137
9255 137
9256 137
9257 137
9258 137
9259 137
9260 137
9261 0
9262 0
9263 0
9264 0
9265 0
9266 137
9267 137
9268 137
9269 137
9270 137
9271 0
9272 0
9273 0
9274 0
9275 0
9276 137
9277 137
9278 137
9279 137
9280 137
9281 137
9282 137
9283 137
9284 137
9285 137
9286 0
9287 0
9288 0
9289 0
9290 0
9291 137
9292 137
9293 137
9294 137
9295 137
9296 137
9297 137
9298 137
9299 137
9300 137
9301 0
9302 0
9303 0
9304 0
9305 0
9306 137
9307 137
9308 137
9309 137
9310 137
9311 137
9312 137
9313 137
9314 137
9315 137
9316 137
9317 137
9318 137
9319 137
9320 137
9321 137
9322 137
9323 137
9324 137
9325 137
9326 137
9327 137
9328 137
9329 137
9330 137
9331 137
9332 137
9333 137
9334 137
9335 137
9336 137
9337 137
9338 137
9339 137
9340 137
9341 137
9342 137
9343 137
9344 137
9345 137
9346 137
9347 137
9348 137
9349 137
9350 137
9351 137
9352 137
9353 137
9354 137
9355 137
9356 137
9357 137
9358 137
9359 137
9360 137
9361 137
9362 137
9363 137
9364 137
9365 137
9366 137
9367 137
9368 137
9369 137
9370 137
9371 0
9372 0
9373 0
9374 0
9375 0
9376 137
9377 137
9378 137
9379 137
9380 137
9383 137
9384 137
9385 137
9386 137
9387 137
9388 137
9389 137
9390 137
9391 137
9392 137
9393 137
9394 137
9395 137
9396 0
9397 0
9398 0
9399 0
9400 0
9401 137
9402 137
9403 137
9404 137
9405 137
9406 137
9407 137
9408 137
9409 137
9410 137
9411 0
9412 0
9413 0
9414 0
9415 0
9416 0
9417 0
9418 0
9419 0
9420 0
9421 137
9422 137
9423 137
9424 137
9425 137
9426 137
9427 137
9428 137
9429 137
9430 137
9431 0
9432 0
9433 0
9434 0
9435 0
9436 137
9437 137
9438 137
9439 137
9440 137
9441 137
9442 137
9443 137
9444 137
9445 137
9446 0
9447 0
9448 0
9449 0
9450 0
9451 0
9452 0
9453 0
9454 0
9455 0
9456 137
9457 137
9458 137
9459 137
9460 137
9461 137
9462 137
9463 137
9464 137
9465 137
9466 137
9467 137
9468 137
9469 137
9470 137
9471 137
9472 137
9473 137
9474 137
9475 137
9476 137
9477 137
9478 137
9479 137
9480 137
9481 137
9482 137
9483 137
9484 137
9485 137
9486 137
9487 137
9488 137
9489 137
9490 137
9491 137
9492 137
9493 137
9494 137
9495 137
9496 137
9497 137
9498 137
9499 137
9500 137
9501 137
9502 137
9503 137
9504 137
9505 137
9506 137
9507 137
9508 137
9509 137
9510 137
9511 0
9512 0
9513 0
9514 0
9515 0
9516 137
9517 137
9518 137
9519 137
9520 137
9521 137
9522 137
9523 137
9524 137
9525 137
9526 137
9527 137
9528 137
9529 137
9530 137
9531 137
9532 137
9533 137
9534 137
9535 137
9536 137
9537 137
9538 137
9539 137
9540 137
9541 137
9542 137
9543 137
9544 137
9545 137
9546 137
9547 137
9548 137
9549 137
9550 137
9551 137
9552 137
9553 137
9554 137
9555 137
9556 137
9557 137
9558 137
9559 137
9560 137
9561 137
9562 137
9563 137
9564 137
9565 137
9566 0
9567 0
9568 0
9569 0
9570 0
9571 137
9572 137
9573 137
9574 137
9575 137
9576 0
9577 0
9578 0
9579 0
9580 0
9581 137
9582 137
9583 137
9584 137
9585 137
9586 0
9587 0
9588 0
9589 0
9590 0
9591 137
9592 137
9593 137
9594 137
9595 137
9596 137
9597 137
9598 137
9599 137
9600 137
9601 0
9602 0
9603 0
9604 0
9605 0
9606 0
9607 0
9608 0
9609 0
9610 0
9611 137
9612 137
9613 137
9614 137
9615 137
9616 0
9617 0
9618 0
9619 0
9620 0
9621 137
9622 137
9623 137
9624 137
9625 137
9626 0
9627 0
9628 0
9629 0
9630 0
9631 137
9632 137
9633 137
9634 137
9635 137
9636 137
9637 137
9638 137
9639 137
9640 137
9641 137
9642 137
9643 137
9644 137
9645 137
9646 137
9647 137
9648 137
9649 137
9650 137
9651 137
9652 137
9653 137
9654 137
9655 137
9656 0
9657 0
9658 0
9659 0
9660 0
9661 0
9662 0
9663 0
9664 0
9665 0
9666 137
9667 137
9668 137
9669 137
9670 137
9671 137
9672 137
9673 137
9674 137
9675 137
9676 0
9677 0
9678 0
9679 0
9680 0
9681 0
9682 0
9683 0
9684 0
9685 0
9686 137
9687 137
9688 137
9689 137
9690 137
9691 137
9692 137
9693 137
9694 137
9695 137
9696 0
9697 0
9698 0
9699 0
9700 0
9701 137
9702 137
9703 137
9704 137
9705 137
9706 137
9707 137
9708 137
9709 137
9710 137
9711 137
9712 137
9713 137
9714 137
9715 137
9716 0
9717 0
9718 0
9719 0
9720 0
9721 137
9722 137
9723 137
9724 137
9725 137
9726 137
9727 137
9728 137
9729 137
9730 137
9731 137
9732 137
9733 137
9734 137
9735 137
9736 0
9737 0
9738 0
9739 0
9740 0
9741 0
9742 0
9743 0
9744 0
9745 0
9746 0
9747 0
9748 0
9749 0
9750 0
9751 137
9752 137
9753 137
9754 137
9755 137
9756 137
9757 137
9758 137
9759 137
9760 137
9761 0
9762 0
9763 0
9764 0
9765 0
9766 137
9767 137
9768 137
9769 137
9770 137
9771 137
9772 137
9773 137
9774 137
9775 137
9776 137
9777 137
9778 137
9779 137
9780 137
9781 137
9782 137
9783 137
9784 137
9785 137
9786 0
9787 0
9788 0
9789 0
9790 0
9791 0
9792 0
9793 0
9794 0
9795 0
9796 137
9797 137
9798 137
9799 137
9800 137
9801 137
9802 137
9803 137
9804 137
9805 137
9806 137
9807 137
9808 137
9809 137
9810 137
9811 137
9812 137
9813 137
9814 137
9815 137
9816 137
9817 137
9818 137
9819 137
9820 137
9821 0
9822 0
9823 0
9824 0
9825 0
9826 137
9827 137
9828 137
9829 137
9830 137
9831 137
9832 137
9833 137
9834 137
9835 137
9836 137
9837 137
9838 137
9839 137
9840 137
9841 0
9842 0
9843 0
9844 0
9845 0
9846 137
9847 137
9848 137
9849 137
9850 137
9851 137
9852 137
9853 137
9854 137
9855 137
9856 0
9857 0
9858 0
9859 0
9860 0
9861 137
9862 137
9863 137
9864 137
9865 137
9866 137
9867 137
9868 137
9869 137
9870 137
9871 137
9872 137
9873 137
9874 137
9875 137
9876 137
9877 137
9878 137
9879 137
9880 137
9881 137
9882 137
9883 137
9884 137
9885 137
9886 137
9887 137
9888 137
9889 137
9890 137
9891 137
9892 137
9893 137
9894 137
9895 137
9896 137
9897 137
9898 137
9899 137
9900 137
9901 137
9902 137
9903 137
9904 137
9905 137
9906 137
9907 137
9908 137
9909 137
9910 137
9911 137
9912 137
9913 137
9914 137
9915 137
9916 137
9917 137
9918 137
9919 137
9920 137
9921 137
9922 137
9923 137
9924 137
9925 137
9926 137
9927 137
9928 137
9929 137
9930 137
9931 137
9932 137
9933 137
9934 137
9935 137
9936 137
9937 137
9938 137
9939 137
9940 137
9941 0
9942 0
9943 0
9944 0
9945 0
9946 137
9947 137
9948 137
9949 137
9950 137
9951 0
9952 0
9953 0
9954 0
9955 0
9956 137
9957 137
9958 137
9959 137
9960 137
9961 137
9962 137
9963 137
9964 137
9965 137
9966 137
9967 137
9968 137
9969 137
9970 137
9971 137
9972 137
9973 137
9974 137
9975 137
9976 137
9977 137
9978 137
9979 137
9980 137
9981 137
9982 137
9983 137
9984 137
9985 137
9986 137
9987 137
9988 137
9989 137
9990 137
9991 0
9992 0
9993 0
9994 0
9995 0
9996 137
9997 137
9998 137
9999 137
10000 137
10001 137
10002 137
10003 137
10004 137
10005 137
10006 137
10007 137
10008 137
10009 137
10010 137
10011 137
10012 137
10013 137
10014 137
10015 137
10016 137
10017 137
10018 137
10019 137
10020 137
10021 137
10022 137
10023 137
10024 137
10025 137
10026 137
10027 137
10028 137
10029 137
10030 137
10031 137
10032 137
10033 137
10034 137
10035 137
10036 137
10037 137
10038 137
10039 137
10040 137
10041 137
10042 137
10043 137
10044 137
10045 137
10046 137
10047 137
10048 137
10049 137
10050 137
10051 137
10052 137
10053 137
10054 137
10055 137
10056 137
10057 137
10058 137
10059 137
10060 137
10061 137
10062 137
10063 137
10064 137
10065 137
10066 137
10067 137
10068 137
10069 137
10070 137
10071 137
10072 137
10073 137
10074 137
10075 137
10076 137
10077 137
10078 137
10079 137
10080 137
10081 137
10082 137
10083 137
10084 137
10085 137
10086 137
10087 137
10088 137
10089 137
10090 137
10091 137
10092 137
10093 137
10094 137
10095 137
10096 137
10097 137
10098 137
10099 137
10100 137
10101 137
10102 137
10103 137
10104 137
10105 137
10106 137
10107 137
10108 137
10109 137
10110 137
10111 137
10112 137
10113 137
10114 137
10115 137
10116 137
10117 137
10118 137
10119 137
10120 137
10121 137
10122 137
10123 137
10124 137
10125 137
10126 137
10127 137
10128 137
10129 137
10130 137
10131 137
10132 137
10133 137
10134 137
10135 137
10136 137
10137 137
10138 137
10139 137
10140 137
10141 137
10142 137
10143 137
10144 137
10145 137
10146 137
10147 137
10148 137
10149 137
10150 137
10151 137
10152 137
10153 137
10154 137
10155 137
10156 137
10157 137
10158 137
10159 137
10160 137
10161 137
10162 137
10163 137
10164 137
10165 137
10166 137
10167 137
10168 137
10169 137
10170 137
10171 137
10172 137
10173 137
10174 137
10175 137
10176 137
10177 137
10178 137
10179 137
10180 137
10181 137
10182 137
10183 137
10184 137
10185 137
10186 137
10187 137
10188 137
10189 137
10190 137
10191 0
10192 0
10193 0
10194 0
10195 0
10196 137
10197 137
10198 137
10199 137
10200 137
10201 137
10202 137
10203 137
10204 137
10205 137
10206 137
10207 137
10208 137
10209 137
10210 137
10211 137
10212 137
10213 137
10214 137
10215 137
10216 137
10217 137
10218 137
10219 137
10220 137
10221 137
10222 137
10223 137
10224 137
10225 137
10226 137
10227 137
10228 137
10229 137
10230 137
10231 137
10232 137
10233 137
10234 137
10235 137
10236 137
10237 137
10238 137
10239 137
10240 137
10241 137
10242 137
10243 137
10244 137
10245 137
10246 137
10247 137
10248 137
10249 137
10250 137
10251 137
10252 137
10253 137
10254 137
10255 137
10256 137
10257 137
10258 137
10259 137
10260 137
10261 137
10262 137
10263 137
10264 137
10265 137
10266 137
10267 137
10268 137
10269 137
10270 137
10271 0
10272 0
10273 0
10274 0
10275 0
10276 137
10277 137
10278 137
10279 137
10280 137
10281 137
10282 137
10283 137
10284 137
10285 137
10286 137
10287 137
10288 137
10289 137
10290 137
10291 137
10292 137
10293 137
10294 137
10295 137
10296 137
10297 137
10298 137
10299 137
10300 137
10301 137
10302 137
10303 137
10304 137
10305 137
10306 137
10307 137
10308 137
10309 137
10310 137
10311 137
10312 137
10313 137
10314 137
10315 137
10316 137
10317 137
10318 137
10319 137
10320 137
10321 137
10322 137
10323 137
10324 137
10325 137
10326 137
10327 137
10328 137
10329 137
10330 137
10331 137
10332 137
10333 137
10334 137
10335 137
10336 137
10337 137
10338 137
10339 137
10340 137
10341 137
10342 137
10343 137
10344 137
10345 137
10346 137
10347 137
10348 137
10349 137
10350 137
10351 137
10352 137
10353 137
10354 137
10355 137
10356 137
10357 137
10358 137
10359 137
10360 137
10361 137
10362 137
10364 137
10365 137
10366 137
10367 137
10368 137
10369 137
10370 137
10371 137
10372 137
10373 137
10374 137
10375 137
10376 137
10377 137
10378 137
10379 137
10380 137
10381 137
10382 137
10383 137
10384 137
10385 137
10386 137
10387 137
10388 137
10389 137
10390 137
10391 137
10392 137
10393 137
10394 137
10395 137
10396 137
10397 137
10398 137
10399 137
10400 137
10401 137
10402 137
10403 137
10404 137
10405 137
10406 137
10407 137
10408 137
10409 137
10410 137
10411 137
10412 137
10413 137
10414 137
10415 137
10416 0
10417 0
10418 0
10419 0
10420 0
10421 137
10422 137
10423 137
10424 137
10425 137
10426 137
10427 137
10428 137
10429 137
10430 137
10431 137
10432 137
10433 137
10434 137
10435 137
10436 137
10437 137
10438 137
10439 137
10440 137
10441 137
10442 137
10443 137
10444 137
10445 137
10446 137
10447 137
10448 137
10449 137
10450 137
10451 137
10452 137
10453 137
10454 137
10455 137
10456 137
10457 137
10458 137
10459 137
10460 137
10461 137
10462 137
10463 137
10464 137
10465 137
10466 137
10467 137
10468 137
10469 137
10470 137
10471 137
10472 137
10473 137
10474 137
10475 137
10476 137
10477 137
10478 137
10479 137
10480 137
10481 137
10482 137
10483 137
10484 137
10485 137
10486 137
10487 137
10488 137
10489 137
10490 137
10491 137
10492 137
10493 137
10494 137
10495 137
10496 137
10497 137
10498 137
10499 137
10500 137
10502 137
10503 137
10504 137
10505 137
10507 137
10508 137
10509 137
10510 137
10511 137
10512 137
10513 137
10514 137
10515 137
10516 137
10517 137
10518 137
10519 137
10520 137
10521 137
10522 137
10523 137
10524 137
10525 137
10526 137
10527 137
10528 137
10529 137
10530 137
10531 137
10532 137
10533 137
10534 137
10535 137
10536 137
10537 137
10538 137
10539 137
10540 137
10541 137
10542 137
10543 137
10544 137
10545 137
10546 137
10547 137
10548 137
10549 137
10550 137
10551 137
10552 137
10553 137
10554 137
10555 137
10556 137
10557 137
10558 137
10559 137
10560 137
10561 137
10562 137
10563 137
10564 137
10565 137
10566 137
10567 137
10568 137
10569 137
10570 137
10571 137
10572 137
10573 137
10574 137
10575 137
10576 137
10577 137
10578 137
10579 137
10580 137
10581 137
10582 137
10583 137
10584 137
10585 137
10586 137
10587 137
10588 137
10589 137
10590 137
10591 137
10592 137
10593 137
10594 137
10595 137
10596 137
10597 137
10598 137
10599 137
10600 137
10601 137
10602 137
10603 137
10604 137
10605 137
10606 137
10607 137
10608 137
10609 137
10610 137
10611 137
10612 137
10613 137
10614 137
10615 137
10616 137
10617 137
10618 137
10619 137
10620 137
10621 137
10622 137
10623 137
10624 137
10625 137
10626 137
10627 137
10628 137
10629 137
10630 137
10631 137
10632 137
10633 137
10634 137
10635 137
10636 137
10637 137
10638 137
10639 137
10640 137
10641 137
10642 137
10643 137
10644 137
10645 137
10646 137
10647 137
10648 137
10649 137
10650 137
10651 137
10652 137
10653 137
10654 137
10655 137
10656 137
10657 137
10658 137
10659 137
10660 137
10661 137
10662 137
10663 137
10664 137
10665 137
10666 137
10667 137
10668 137
10669 137
10670 137
10671 137
10672 137
10673 137
10674 137
10675 137
10676 137
10677 137
10678 137
10679 137
10680 137
10681 137
10682 137
10683 137
10684 137
10685 137
10686 137
10687 137
10688 137
10689 137
10690 137
10691 137
10692 137
10693 137
10694 137
10695 137
10696 137
10697 137
10698 137
10699 137
10700 137
10701 137
10702 137
10703 137
10704 137
10705 137
10706 137
10707 137
10708 137
10709 137
10710 137
10711 137
10712 137
10713 137
10714 137
10715 137
10716 0
10717 0
10718 0
10719 0
10720 0
10721 137
10722 137
10723 137
10724 137
10725 137
10726 137
10727 137
10728 137
10729 137
10730 137
10732 137
10733 137
10734 137
10735 137
10736 0
10737 0
10738 0
10739 0
10740 0
10741 0
10742 0
10743 0
10744 0
10745 0
10746 137
10747 137
10748 137
10749 137
10750 137
10751 137
10752 137
10753 137
10754 137
10755 137
10756 137
10757 137
10758 137
10759 137
10760 137
10761 0
10762 0
10763 0
10764 0
10765 0
10766 137
10767 137
10768 137
10769 137
10770 137
10771 137
10772 137
10773 137
10774 137
10775 137
10776 137
10777 137
10778 137
10779 137
10780 137
10781 137
10782 137
10783 137
10784 137
10785 137
10786 137
10787 137
10788 137
10789 137
10790 137
10791 0
10792 0
10793 0
10794 0
10795 0
10796 137
10797 137
10798 137
10799 137
10800 137
10801 137
10802 137
10803 137
10804 137
10805 137
10806 137
10807 137
10808 137
10809 137
10810 137
10811 137
10812 137
10813 137
10814 137
10815 137
10816 137
10817 137
10818 137
10819 137
10820 137
10821 137
10822 137
10823 137
10824 137
10825 137
10826 137
10827 137
10828 137
10829 137
10830 137
10831 137
10832 137
10833 137
10834 137
10835 137
10836 137
10837 137
10838 137
10839 137
10840 137
10841 0
10842 0
10843 0
10844 0
10845 0
10846 137
10847 137
10848 137
10849 137
10850 137
10851 137
10852 137
10853 137
10854 137
10855 137
10856 137
10858 137
10859 137
10860 137
10861 137
10862 137
10863 137
10864 137
10865 137
10866 137
10867 137
10868 137
10869 137
10870 137
10871 137
10872 137
10873 137
10874 137
10875 137
10876 137
10877 137
10878 137
10879 137
10880 137
10881 137
10882 137
10883 137
10884 137
10885 137
10886 137
10887 137
10888 137
10889 137
10890 137
10891 137
10892 137
10893 137
10894 137
10895 137
10896 137
10897 137
10898 137
10899 137
10900 137
10901 137
10902 137
10903 137
10904 137
10905 137
10906 137
10907 137
10908 137
10909 137
10910 137
10911 137
10912 137
10913 137
10914 137
10915 137
10916 137
10917 137
10918 137
10919 137
10920 137
10921 137
10922 137
10923 137
10924 137
10925 137
10926 137
10927 137
10928 137
10930 137
10931 137
10932 137
10933 137
10934 137
10935 137
10936 137
10937 137
10938 137
10939 137
10940 137
10941 0
10942 0
10943 0
10944 0
10945 0
10946 137
10947 137
10948 137
10949 137
10950 137
10951 0
10952 0
10953 0
10954 0
10955 0
10956 137
10957 137
10959 137
10960 137
10961 137
10962 137
10963 137
10964 137
10965 137
10966 137
10967 137
10968 137
10969 137
10970 137
10971 137
10972 137
10973 137
10974 137
10975 137
10976 137
10977 137
10978 137
10979 137
10980 137
10981 137
10982 137
10983 137
10984 137
10985 137
10986 137
10987 137
10988 137
10989 137
10990 137
10991 137
10992 137
10993 137
10994 137
10995 137
10996 137
10997 137
10998 137
10999 137
11000 137
11001 137
11002 137
11003 137
11004 137
11005 137
11006 137
11007 137
11008 137
11009 137
11010 137
11011 137
11012 137
11013 137
11014 137
11015 137
11016 0
11017 0
11018 0
11019 0
11020 0
11021 0
11022 0
11023 0
11024 0
11025 0
11026 137
11027 137
11028 137
11029 137
11030 137
11031 137
11032 137
11033 137
11034 137
11035 137
11036 137
11037 137
11038 137
11039 137
11040 137
11041 137
11042 137
11043 137
11044 137
11045 137
11046 137
11047 137
11048 137
11049 137
11050 137
11051 137
11052 137
11053 137
11054 137
11055 137
11056 0
11057 0
11058 0
11059 0
11060 0
11061 137
11062 137
11063 137
11064 137
11065 137
11066 0
11067 0
11068 0
11069 0
11070 0
11071 137
11072 137
11073 137
11074 137
11076 137
11077 137
11078 137
11079 137
11080 137
11081 137
11082 137
11083 137
11084 137
11085 137
11086 0
11087 0
11088 0
11089 0
11090 0
11091 137
11092 137
11093 137
11094 137
11095 137
11096 137
11097 137
11098 137
11099 137
11100 137
11101 137
11102 137
11103 137
11104 137
11105 137
11106 137
11107 137
11108 137
11109 137
11110 137
11111 137
11112 137
11113 137
11114 137
11115 137
11116 0
11117 0
11118 0
11119 0
11120 0
11121 137
11122 137
11123 137
11124 137
11125 137
11126 137
11127 137
11128 137
11129 137
11130 137
11131 137
11132 137
11133 137
11134 137
11135 137
11136 0
11137 0
11138 0
11139 0
11140 0
11141 137
11142 137
11143 137
11144 137
11145 137
11146 137
11147 137
11148 137
11149 137
11150 137
11151 137
11152 137
11153 137
11154 137
11155 137
11156 0
11157 0
11158 0
11159 0
11160 0
11161 0
11162 0
11163 0
11164 0
11165 0
11166 137
11167 137
11168 137
11169 137
11170 137
11171 137
11172 137
11173 137
11174 137
11175 137
11176 0
11177 0
11178 0
11179 0
11180 0
11181 137
11182 137
11183 137
11184 137
11185 137
11186 0
11187 0
11188 0
11189 0
11190 0
11191 0
11192 0
11193 0
11194 0
11195 0
11196 137
11197 137
11198 137
11199 137
11200 137
11201 137
11202 137
11203 137
11204 137
11205 137
11206 0
11207 0
11208 0
11209 0
11210 0
11211 137
11212 137
11213 137
11214 137
11215 137
11216 0
11217 0
11218 0
11219 0
11220 0
11221 0
11222 0
11223 0
11224 0
11225 0
11226 137
11227 137
11228 137
11229 137
11230 137
11231 137
11232 137
11233 137
11234 137
11235 137
11236 0
11237 0
11238 0
11239 0
11240 0
11241 0
11242 0
11243 0
11244 0
11245 0
11246 137
11247 137
11248 137
11249 137
11250 137
11251 137
11252 137
11253 137
11254 137
11255 137
11256 137
11257 137
11258 137
11259 137
11260 137
11261 0
11262 0
11263 0
11264 0
11265 0
11266 137
11267 137
11268 137
11269 137
11270 137
11271 0
11272 0
11273 0
11274 0
11275 0
11276 137
11277 137
11278 137
11279 137
11280 137
11281 137
11282 137
11283 137
11284 137
11285 137
11286 0
11287 0
11288 0
11289 0
11290 0
11291 137
11292 137
11293 137
11294 137
11295 137
11296 137
11297 137
11298 137
11299 137
11300 137
11301 0
11302 0
11303 0
11304 0
11305 0
11306 0
11307 0
11308 0
11309 0
11310 0
11311 137
11312 137
11313 137
11314 137
11315 137
11316 137
11317 137
11318 137
11319 137
11320 137
11321 137
11322 137
11323 137
11324 137
11325 137
11326 137
11327 137
11328 137
11329 137
11330 137
11331 0
11332 0
11333 0
11334 0
11335 0
11336 137
11337 137
11338 137
11339 137
11340 137
11341 137
11342 137
11343 137
11344 137
11345 137
11346 137
11347 137
11348 137
11349 137
11350 137
11351 137
11352 137
11353 137
11354 137
11355 137
11356 137
11357 137
11358 137
11359 137
11360 137
11361 0
11362 0
11363 0
11364 0
11365 0
11366 137
11367 137
11368 137
11369 137
11370 137
11371 0
11372 0
11373 0
11374 0
11375 0
11376 137
11377 137
11378 137
11379 137
11380 137
11381 137
11382 137
11383 137
11384 137
11385 137
11386 0
11387 0
11388 0
11389 0
11390 0
11391 0
11392 0
11393 0
11394 0
11395 0
11396 0
11397 0
11398 0
11399 0
11400 0
11401 0
11402 0
11403 0
11404 0
11405 0
11406 137
11407 137
11408 137
11409 137
11410 137
11411 0
11412 0
11413 0
11414 0
11415 0
11416 0
11417 0
11418 0
11419 0
11420 0
11421 137
11422 137
11423 137
11424 137
11425 137
11426 137
11427 137
11428 137
11429 137
11430 137
11431 0
11432 0
11433 0
11434 0
11435 0
11436 0
11437 0
11438 0
11439 0
11440 0
11441 0
11442 0
11443 0
11444 0
11445 0
11446 0
11447 0
11448 0
11449 0
11450 0
11451 0
11452 0
11453 0
11454 0
11455 0
11456 137
11457 137
11458 137
11459 137
11460 137
11461 137
11462 137
11463 137
11464 137
11465 137
11466 137
11467 137
11468 137
11469 137
11470 137
11471 0
11472 0
11473 0
11474 0
11475 0
11476 137
11477 137
11478 137
11479 137
11480 137
11481 137
11482 137
11483 137
11484 137
11485 137
11486 137
11487 137
11488 137
11489 137
11490 137
11491 137
11492 137
11493 137
11494 137
11495 137
11496 0
11497 0
11498 0
11499 0
11500 0
11501 137
11502 137
11503 137
11504 137
11505 137
11506 0
11507 0
11508 0
11509 0
11510 0
11511 0
11512 0
11513 0
11514 0
11515 0
11516 137
11517 137
11518 137
11519 137
11520 137
11521 0
11522 0
11523 0
11524 0
11525 0
11526 0
11527 0
11528 0
11529 0
11530 0
11531 137
11532 137
11533 137
11534 137
11535 137
11536 137
11537 137
11538 137
11539 137
11540 137
11541 137
11542 137
11543 137
11544 137
11545 137
11546 0
11547 0
11548 0
11549 0
11550 0
11551 137
11552 137
11553 137
11554 137
11555 137
11556 137
11557 137
11558 137
11559 137
11560 137
11561 137
11562 137
11563 137
11564 137
11565 137
11566 0
11567 0
11568 0
11569 0
11570 0
11571 137
11572 137
11573 137
11574 137
11575 137
11576 0
11577 0
11578 0
11579 0
11580 0
11581 137
11582 137
11583 137
11584 137
11585 137
11586 0
11587 0
11588 0
11589 0
11590 0
11591 137
11592 137
11593 137
11594 137
11595 137
11596 137
11597 137
11598 137
11599 137
11600 137
11601 0
11602 0
11603 0
11604 0
11605 0
11606 0
11607 0
11608 0
11609 0
11610 0
11611 137
11612 137
11613 137
11614 137
11615 137
11616 0
11617 0
11618 0
11619 0
11620 0
11621 137
11622 137
11623 137
11624 137
11625 137
11626 0
11627 0
11628 0
11629 0
11630 0
11631 137
11632 137
11633 137
11634 137
11635 137
11636 137
11637 137
11638 137
11639 137
11640 137
11641 137
11642 137
11643 137
11644 137
11645 137
11646 137
11647 137
11648 137
11649 137
11650 137
11651 137
11652 137
11653 137
11654 137
11655 137
11656 0
11657 0
11658 0
11659 0
11660 0
11661 0
11662 0
11663 0
11664 0
11665 0
11666 137
11667 137
11668 137
11669 137
11670 137
11671 0
11672 0
11673 0
11674 0
11675 0
11676 0
11677 0
11678 0
11679 0
11680 0
11681 0
11682 0
11683 0
11684 0
11685 0
11686 137
11687 137
11688 137
11689 137
11690 137
11691 137
11692 137
11693 137
11694 137
11695 137
11696 0
11697 0
11698 0
11699 0
11700 0
11701 137
11702 137
11703 137
11704 137
11705 137
11706 0
11707 0
11708 0
11709 0
11710 0
11711 137
11712 137
11713 137
11714 137
11715 137
11716 0
11717 0
11718 0
11719 0
11720 0
11721 137
11722 137
11723 137
11724 137
11725 137
11726 137
11727 137
11728 137
11729 137
11730 137
11731 137
11732 137
11733 137
11734 137
11735 137
11736 0
11737 0
11738 0
11739 0
11740 0
11741 0
11742 0
11743 0
11744 0
11745 0
11746 0
11747 0
11748 0
11749 0
11750 0
11751 137
11752 137
11753 137
11754 137
11755 137
11756 0
11757 0
11758 0
11759 0
11760 0
11761 0
11762 0
11763 0
11764 0
11765 0
11766 0
11767 0
11768 0
11769 0
11770 0
11771 137
11772 137
11773 137
11774 137
11775 137
11776 137
11777 137
11778 137
11779 137
11780 137
11781 137
11782 137
11783 137
11784 137
11785 137
11786 0
11787 0
11788 0
11789 0
11790 0
11791 0
11792 0
11793 0
11794 0
11795 0
11796 137
11797 137
11798 137
11799 137
11800 137
11801 137
11802 137
11803 137
11804 137
11805 137
11806 137
11807 137
11808 137
11809 137
11810 137
11811 137
11812 137
11813 137
11814 137
11815 137
11816 137
11817 137
11818 137
11819 137
11820 137
11821 0
11822 0
11823 0
11824 0
11825 0
11826 137
11827 137
11828 137
11829 137
11830 137
11831 137
11832 137
11833 137
11834 137
11835 137
11836 137
11837 137
11838 137
11839 137
11840 137
11841 0
11842 0
11843 0
11844 0
11845 0
11846 137
11847 137
11848 137
11849 137
11850 137
11851 137
11852 137
11853 137
11854 137
11855 137
11856 0
11857 0
11858 0
11859 0
11860 0
11861 0
11862 0
11863 0
11864 0
11865 0
11866 0
11867 0
11868 0
11869 0
11870 0
11871 137
11872 137
11873 137
11874 137
11875 137
11876 137
11877 137
11878 137
11879 137
11880 137
11881 137
11882 137
11883 137
11884 137
11885 137
11886 137
11887 137
11888 137
11889 137
11890 137
11891 137
11892 137
11893 137
11894 137
11895 137
11896 0
11897 0
11898 0
11899 0
11900 0
11901 137
11902 137
11903 137
11904 137
11905 137
11906 137
11907 137
11908 137
11909 137
11910 137
11911 137
11912 137
11913 137
11914 137
11915 137
11916 137
11917 137
11918 137
11919 137
11920 137
11921 0
11922 0
11923 0
11924 0
11925 0
11926 137
11927 137
11928 137
11929 137
11930 137
11931 0
11932 0
11933 0
11934 0
11935 0
11936 137
11937 137
11938 137
11939 137
11940 137
11941 0
11942 0
11943 0
11944 0
11945 0
11946 137
11947 137
11948 137
11949 137
11950 137
11951 0
11952 0
11953 0
11954 0
11955 0
11956 0
11957 0
11958 0
11959 0
11960 0
11961 137
11962 137
11963 137
11964 137
11965 137
11966 137
11967 137
11968 137
11969 137
11970 137
11971 137
11972 137
11973 137
11974 137
11975 137
11976 0
11977 0
11978 0
11979 0
11980 0
11981 137
11982 137
11983 137
11984 137
11985 137
11986 137
11987 137
11988 137
11989 137
11990 137
11991 0
11992 0
11993 0
11994 0
11995 0
11996 137
11997 137
11998 137
11999 137
12000 137
12001 137
12002 137
12003 137
12004 137
12005 137
12006 137
12007 137
12008 137
12009 137
12010 137
12011 137
12012 137
12013 137
12014 137
12015 137
12016 0
12017 0
12018 0
12019 0
12020 0
12021 137
12022 137
12023 137
12024 137
12025 137
12026 137
12027 137
12028 137
12029 137
12030 137
12031 137
12032 137
12033 137
12034 137
12035 137
12036 137
12037 137
12038 137
12039 137
12040 137
12041 137
12042 137
12043 137
12044 137
12045 137
12046 137
12047 137
12048 137
12049 137
12050 137
12051 137
12052 137
12053 137
12054 137
12055 137
12056 0
12057 0
12058 0
12059 0
12060 0
12061 137
12062 137
12063 137
12064 137
12065 137
12066 0
12067 0
12068 0
12069 0
12070 0
12071 137
12072 137
12073 137
12074 137
12075 137
12076 137
12077 137
12078 137
12079 137
12080 137
12081 137
12082 137
12083 137
12084 137
12085 137
12086 0
12087 0
12088 0
12089 0
12090 0
12091 137
12092 137
12093 137
12094 137
12095 137
12096 137
12097 137
12098 137
12099 137
12100 137
12101 137
12102 137
12103 137
12104 137
12105 137
12106 137
12107 137
12108 137
12109 137
12110 137
12111 137
12112 137
12113 137
12114 137
12115 137
12116 137
12117 137
12118 137
12119 137
12120 137
12121 137
12122 137
12123 137
12124 137
12125 137
12126 137
12127 137
12128 137
12129 137
12130 137
12131 137
12132 137
12133 137
12134 137
12135 137
12136 137
12137 137
12138 137
12139 137
12140 137
12141 137
12142 137
12143 137
12144 137
12145 137
12146 137
12147 137
12148 137
12149 137
12150 137
12151 137
12152 137
12153 137
12154 137
12155 137
12156 0
12157 0
12158 0
12159 0
12160 0
12161 137
12162 137
12163 137
12164 137
12165 137
12166 137
12167 137
12168 137
12169 137
12170 137
12171 137
12172 137
12173 137
12174 137
12175 137
12176 0
12177 0
12178 0
12179 0
12180 0
12181 137
12182 137
12183 137
12184 137
12185 137
12186 0
12187 0
12188 0
12189 0
12190 0
12191 0
12192 0
12193 0
12194 0
12195 0
12196 137
12197 137
12198 137
12199 137
12200 137
12201 137
12202 137
12203 137
12204 137
12205 137
12206 0
12207 0
12208 0
12209 0
12210 0
12211 137
12212 137
12213 137
12214 137
12215 137
12216 0
12217 0
12218 0
12219 0
12220 0
12221 0
12222 0
12223 0
12224 0
12225 0
12226 137
12227 137
12228 137
12229 137
12230 137
12231 137
12232 137
12233 137
12234 137
12235 137
12236 0
12237 0
12238 0
12239 0
12240 0
12241 137
12242 137
12243 137
12244 137
12245 137
12246 137
12247 137
12248 137
12249 137
12250 137
12251 137
12252 137
12253 137
12254 137
12255 137
12256 137
12257 137
12258 137
12259 137
12260 137
12261 0
12262 0
12263 0
12264 0
12265 0
12266 137
12267 137
12268 137
12269 137
12270 137
12271 0
12272 0
12273 0
12274 0
12275 0
12276 137
12277 137
12278 137
12279 137
12280 137
12281 137
12282 137
12283 137
12284 137
12285 137
12286 0
12287 0
12288 0
12289 0
12290 0
12291 137
12292 137
12293 137
12294 137
12295 137
12296 137
12297 137
12298 137
12299 137
12300 137
12301 0
12302 0
12303 0
12304 0
12305 0
12306 137
12307 137
12308 137
12309 137
12310 137
12311 137
12312 137
12313 137
12314 137
12315 137
12316 137
12317 137
12318 137
12319 137
12320 137
12321 137
12322 137
12323 137
12324 137
12325 137
12326 137
12327 137
12328 137
12329 137
12330 137
12331 137
12332 137
12333 137
12334 137
12335 137
12336 137
12337 137
12338 137
12339 137
12340 137
12341 137
12342 137
12343 137
12344 137
12345 137
12346 137
12347 137
12348 137
12349 137
12350 137
12351 137
12352 137
12353 137
12354 137
12355 137
12356 137
12357 137
12358 137
12359 137
12360 137
12361 137
12362 137
12363 137
12365 137
12366 137
12367 137
12368 137
12369 137
12370 137
12371 0
12372 0
12373 0
12374 0
12375 0
12376 137
12377 137
12378 137
12379 137
12380 137
12381 137
12382 137
12383 137
12384 137
12385 137
12386 0
12387 0
12388 0
12389 0
12390 0
12391 0
12392 0
12393 0
12394 0
12395 0
12396 0
12397 0
12398 0
12399 0
12400 0
12401 137
12402 137
12403 137
12404 137
12405 137
12406 137
12407 137
12408 137
12409 137
12410 137
12411 0
12412 0
12413 0
12414 0
12415 0
12416 0
12417 0
12418 0
12419 0
12420 0
12421 137
12422 137
12423 137
12424 137
12425 137
12426 137
12427 137
12428 137
12429 137
12430 137
12431 0
12432 0
12433 0
12434 0
12435 0
12436 137
12437 137
12438 137
12439 137
12440 137
12441 0
12442 0
12443 0
12444 0
12445 0
12446 0
12447 0
12448 0
12449 0
12450 0
12451 0
12452 0
12453 0
12454 0
12455 0
12456 137
12457 137
12458 137
12459 137
12460 137
12461 137
12462 137
12463 137
12464 137
12465 137
12466 137
12467 137
12468 137
12469 137
12470 137
12471 0
12472 0
12473 0
12474 0
12475 0
12476 137
12477 137
12478 137
12479 137
12480 137
12481 137
12482 137
12483 137
12484 137
12485 137
12486 137
12487 137
12488 137
12489 137
12490 137
12491 137
12492 137
12493 137
12494 137
12495 137
12496 137
12497 137
12498 137
12499 137
12500 137
12501 137
12502 137
12503 137
12504 137
12505 137
12506 0
12507 0
12508 0
12509 0
12510 0
12511 0
12512 0
12513 0
12514 0
12515 0
12516 137
12517 137
12518 137
12519 137
12520 137
12521 137
12522 137
12523 137
12524 137
12525 137
12526 137
12527 137
12528 137
12529 137
12530 137
12531 137
12532 137
12533 137
12534 137
12535 137
12536 137
12537 137
12538 137
12539 137
12540 137
12541 137
12542 137
12543 137
12544 137
12545 137
12546 137
12547 137
12548 137
12549 137
12550 137
12551 137
12552 137
12553 137
12554 137
12555 137
12556 137
12557 137
12558 137
12559 137
12560 137
12561 137
12563 137
12564 137
12565 137
12566 0
12567 0
12568 0
12569 0
12570 0
12571 137
12572 137
12573 137
12574 137
12575 137
12576 0
12577 0
12578 0
12579 0
12580 0
12581 137
12582 137
12583 137
12584 137
12585 137
12586 0
12587 0
12588 0
12589 0
12590 0
12591 137
12592 137
12593 137
12594 137
12595 137
12596 137
12597 137
12598 137
12599 137
12600 137
12601 0
12602 0
12603 0
12604 0
12605 0
12606 0
12607 0
12608 0
12609 0
12610 0
12611 137
12612 137
12613 137
12614 137
12615 137
12616 0
12617 0
12618 0
12619 0
12620 0
12621 137
12622 137
12623 137
12624 137
12625 137
12626 0
12627 0
12628 0
12629 0
12630 0
12631 137
12632 137
12633 137
12634 137
12635 137
12636 137
12637 137
12638 137
12639 137
12640 137
12641 137
12642 137
12643 137
12644 137
12645 137
12646 137
12647 137
12648 137
12649 137
12650 137
12651 137
12652 137
12653 137
12654 137
12655 137
12656 0
12657 0
12658 0
12659 0
12660 0
12661 0
12662 0
12663 0
12664 0
12665 0
12666 137
12667 137
12668 137
12669 137
12670 137
12671 137
12672 137
12673 137
12674 137
12675 137
12676 0
12677 0
12678 0
12679 0
12680 0
12681 0
12682 0
12683 0
12684 0
12685 0
12686 137
12687 137
12688 137
12689 137
12690 137
12691 137
12692 137
12693 137
12694 137
12695 137
12696 0
12697 0
12698 0
12699 0
12700 0
12701 137
12702 137
12703 137
12704 137
12705 137
12706 0
12707 0
12708 0
12709 0
12710 0
12711 137
12712 137
12713 137
12714 137
12715 137
12716 0
12717 0
12718 0
12719 0
12720 0
12721 137
12722 137
12723 137
12724 137
12725 137
12726 137
12727 137
12728 137
12729 137
12730 137
12731 137
12732 137
12733 137
12734 137
12735 137
12736 0
12737 0
12738 0
12739 0
12740 0
12741 0
12742 0
12743 0
12744 0
12745 0
12746 0
12747 0
12748 0
12749 0
12750 0
12751 137
12752 137
12753 137
12754 137
12755 137
12756 137
12757 137
12758 137
12759 137
12760 137
12761 0
12762 0
12763 0
12764 0
12765 0
12766 0
12767 0
12768 0
12769 0
12770 0
12771 137
12772 137
12773 137
12774 137
12775 137
12776 137
12777 137
12778 137
12779 137
12780 137
12781 137
12782 137
12783 137
12784 137
12785 137
12786 0
12787 0
12788 0
12789 0
12790 0
12791 0
12792 0
12793 0
12794 0
12795 0
12796 137
12797 137
12798 137
12799 137
12800 137
12801 137
12802 137
12803 137
12804 137
12805 137
12806 137
12807 137
12808 137
12809 137
12810 137
12811 137
12812 137
12813 137
12814 137
12815 137
12816 137
12817 137
12818 137
12819 137
12820 137
12821 0
12822 0
12823 0
12824 0
12825 0
12826 137
12827 137
12828 137
12829 137
12830 137
12831 137
12832 137
12833 137
12834 137
12835 137
12836 137
12837 137
12838 137
12839 137
12840 137
12841 0
12842 0
12843 0
12844 0
12845 0
12846 137
12847 137
12848 137
12849 137
12850 137
12851 137
12852 137
12853 137
12854 137
12855 137
12856 0
12857 0
12858 0
12859 0
12860 0
12861 137
12862 137
12863 137
12864 137
12865 137
12866 137
12867 137
12868 137
12869 137
12870 137
12871 137
12872 137
12873 137
12874 137
12875 137
12876 137
12877 137
12878 137
12879 137
12880 137
12881 137
12882 137
12883 137
12884 137
12885 137
12886 137
12887 137
12888 137
12889 137
12890 137
12891 137
12892 137
12893 137
12894 137
12895 137
12896 0
12897 0
12898 0
12899 0
12900 0
12901 137
12902 137
12903 137
12904 137
12905 137
12906 137
12907 137
12908 137
12909 137
12910 137
12911 137
12912 137
12913 137
12914 137
12915 137
12916 137
12917 137
12918 137
12919 137
12920 137
12921 0
12922 0
12923 0
12924 0
12925 0
12926 137
12927 137
12928 137
12929 137
12930 137
12931 0
12932 0
12933 0
12934 0
12935 0
12936 137
12937 137
12938 137
12939 137
12940 137
12941 0
12942 0
12943 0
12944 0
12945 0
12946 137
12947 137
12948 137
12949 137
12950 137
12951 0
12952 0
12953 0
12954 0
12955 0
12956 0
12957 0
12958 0
12959 0
12960 0
12961 137
12962 137
12963 137
12964 137
12965 137
12966 137
12967 137
12968 137
12969 137
12970 137
12971 137
12972 137
12973 137
12974 137
12975 137
12976 137
12977 137
12978 137
12979 137
12980 137
12981 137
12982 137
12983 137
12984 137
12985 137
12986 137
12987 137
12988 137
12989 137
12990 137
12991 0
12992 0
12993 0
12994 0
12995 0
12996 137
12997 137
12998 137
12999 137
13000 137
13001 137
13002 137
13003 137
13004 137
13005 137
13006 137
13007 137
13008 137
13009 137
13010 137
13011 137
13012 137
13013 137
13014 137
13015 137
13016 137
13017 137
13018 137
13019 137
13020 137
13021 137
13022 137
13023 137
13024 137
13025 137
13026 137
13027 137
13028 137
13029 137
13030 137
13031 137
13032 137
13033 137
13034 137
13035 137
13036 137
13037 137
13038 137
13039 137
13040 137
13041 137
13042 137
13043 137
13044 137
13045 137
13046 137
13047 137
13048 137
13049 137
13050 137
13051 137
13052 137
13053 137
13054 137
13055 137
13056 137
13057 137
13058 137
13059 137
13060 137
13061 137
13062 137
13063 137
13064 137
13065 137
13066 137
13067 137
13068 137
13069 137
13070 137
13071 137
13072 137
13073 137
13074 137
13075 137
13076 137
13077 137
13078 137
13079 137
13080 137
13081 137
13082 137
13083 137
13084 137
13085 137
13086 137
13087 137
13088 137
13089 137
13090 137
13091 137
13092 137
13093 137
13094 137
13095 137
13096 137
13097 137
13098 137
13099 137
13100 137
13101 137
13102 137
13103 137
13104 137
13105 137
13106 137
13107 137
13108 137
13109 137
13110 137
13111 137
13112 137
13113 137
13114 137
13115 137
13116 137
13117 137
13118 137
13119 137
13120 137
13121 137
13122 137
13123 137
13124 137
13125 137
13126 137
13127 137
13128 137
13129 137
13130 137
13131 137
13132 137
13133 137
13134 137
13135 137
13136 137
13137 137
13138 137
13139 137
13140 137
13141 137
13142 137
13143 137
13144 137
13145 137
13146 137
13147 137
13148 137
13149 137
13150 137
13151 137
13152 137
13153 137
13154 137
13155 137
13156 137
13157 137
13158 137
13159 137
13160 137
13161 137
13162 137
13163 137
13164 137
13165 137
13166 137
13167 137
13168 137
13169 137
13170 137
13171 137
13172 137
13173 137
13174 137
13175 137
13176 137
13177 137
13178 137
13179 137
13180 137
13181 137
13182 137
13183 137
13184 137
13185 137
13186 137
13187 137
13188 137
13189 137
13190 137
13191 0
13192 0
13193 0
13194 0
13195 0
13196 137
13197 137
13198 137
13199 137
13200 137
13201 137
13202 137
13203 137
13204 137
13205 137
13206 137
13207 137
13208 137
13209 137
13210 137
13211 137
13212 137
13213 137
13214 137
13215 137
13216 137
13217 137
13218 137
13219 137
13220 137
13221 137
13222 137
13223 137
13224 137
13225 137
13226 137
13227 137
13228 137
13229 137
13230 137
13231 137
13232 137
13233 137
13234 137
13235 137
13236 137
13237 137
13238 137
13239 137
13240 137
13241 137
13242 137
13243 137
13244 137
13245 137
13246 137
13247 137
13248 137
13249 137
13250 137
13251 137
13252 137
13253 137
13254 137
13255 137
13256 137
13257 137
13258 137
13259 137
13260 137
13261 0
13262 0
13263 0
13264 0
13265 0
13266 137
13267 137
13268 137
13269 137
13270 137
13271 0
13272 0
13273 0
13274 0
13275 0
13276 137
13277 137
13278 137
13279 137
13280 137
13281 137
13282 137
13283 137
13284 137
13285 137
13286 137
13287 137
13288 137
13289 137
13290 137
13291 137
13292 137
13293 137
13294 137
13295 137
13296 137
13297 137
13298 137
13299 137
13300 137
13301 137
13302 137
13303 137
13304 137
13305 137
13306 137
13307 137
13308 137
13309 137
13310 137
13311 137
13312 137
13313 137
13314 137
13315 137
13316 137
13317 137
13318 137
13319 137
13320 137
13321 137
13322 137
13323 137
13324 137
13325 137
13326 137
13327 137
13328 137
13329 137
13330 137
13331 137
13332 137
13333 137
13334 137
13335 137
13336 137
13337 137
13338 137
13339 137
13340 137
13341 137
13342 137
13343 137
13344 137
13345 137
13346 137
13347 137
13348 137
13349 137
13350 137
13351 137
13352 137
13353 137
13354 137
13355 137
13356 137
13357 137
13358 137
13359 137
13360 137
13361 137
13362 137
13363 137
13364 137
13365 137
13366 137
13367 137
13368 137
13369 137
13370 137
13371 137
13372 137
13373 137
13374 137
13375 137
13376 137
13377 137
13378 137
13379 137
13380 137
13381 137
13382 137
13383 137
13384 137
13385 137
13386 137
13387 137
13388 137
13389 137
13390 137
13391 137
13392 137
13393 137
13394 137
13395 137
13396 137
13397 137
13398 137
13399 137
13400 137
13401 137
13402 137
13403 137
13404 137
13405 137
13406 137
13407 137
13408 137
13409 137
13410 137
13411 0
13412 0
13413 0
13414 0
13415 0
13416 0
13417 0
13418 0
13419 0
13420 0
13421 137
13422 137
13423 137
13424 137
13425 137
13426 137
13427 137
13428 137
13429 137
13430 137
13431 137
13432 137
13433 137
13434 137
13435 137
13436 137
13437 137
13438 137
13439 137
13440 137
13441 137
13442 137
13443 137
13444 137
13445 137
13446 137
13447 137
13448 137
13449 137
13450 137
13451 137
13452 137
13453 137
13454 137
13455 137
13456 137
13457 137
13458 137
13459 137
13460 137
13461 137
13462 137
13463 137
13464 137
13465 137
13466 137
13467 137
13468 137
13469 137
13470 137
13471 137
13472 137
13473 137
13474 137
13475 137
13476 137
13477 137
13478 137
13479 137
13480 137
13481 137
13482 137
13483 137
13484 137
13485 137
13486 137
13487 137
13488 137
13489 137
13490 137
13491 137
13492 137
13493 137
13494 137
13495 137
13496 137
13497 137
13498 137
13499 137
13500 137
13501 137
13502 137
13503 137
13504 137
13505 137
13506 137
13507 137
13508 137
13509 137
13510 137
13511 137
13512 137
13513 137
13514 137
13515 137
13516 137
13517 137
13518 137
13519 137
13520 137
13521 137
13522 137
13523 137
13524 137
13525 137
13526 137
13527 137
13528 137
13529 137
13530 137
13531 137
13532 137
13533 137
13534 137
13535 137
13536 137
13537 137
13538 137
13539 137
13540 137
13541 137
13542 137
13543 137
13544 137
13545 137
13546 137
13547 137
13548 137
13549 137
13550 137
13551 137
13552 137
13553 137
13554 137
13555 137
13556 137
13557 137
13558 137
13559 137
13560 137
13561 137
13562 137
13563 137
13564 137
13565 137
13566 137
13567 137
13568 137
13569 137
13570 137
13571 137
13572 137
13573 137
13574 137
13575 137
13576 0
13577 0
13578 0
13579 0
13580 0
13581 137
13582 137
13583 137
13584 137
13585 137
13586 137
13587 137
13588 137
13589 137
13590 137
13591 137
13592 137
13593 137
13594 137
13595 137
13596 137
13597 137
13598 137
13599 137
13600 137
13601 0
13602 0
13603 0
13604 0
13605 0
13606 137
13607 137
13608 137
13609 137
13610 137
13611 137
13612 137
13613 137
13614 137
13615 137
13616 137
13617 137
13618 137
13619 137
13620 137
13621 137
13622 137
13623 137
13624 137
13625 137
13626 0
13627 0
13628 0
13629 0
13630 0
13631 137
13632 137
13633 137
13634 137
13635 137
13636 137
13637 137
13638 137
13639 137
13640 137
13641 137
13642 137
13643 137
13644 137
13645 137
13646 137
13647 137
13648 137
13649 137
13650 137
13651 137
13652 137
13653 137
13654 137
13655 137
13656 0
13657 0
13658 0
13659 0
13660 0
13661 137
13662 137
13663 137
13664 137
13665 137
13666 137
13667 137
13668 137
13669 137
13670 137
13671 137
13672 137
13673 137
13674 137
13675 137
13676 137
13677 137
13678 137
13679 137
13680 137
13681 137
13682 137
13683 137
13684 137
13685 137
13686 137
13687 137
13688 137
13689 137
13690 137
13691 137
13692 137
13693 137
13694 137
13695 137
13696 137
13697 137
13698 137
13699 137
13700 137
13701 137
13702 137
13703 137
13704 137
13705 137
13706 137
13707 137
13708 137
13709 137
13710 137
13711 137
13712 137
13713 137
13714 137
13715 137
13716 0
13717 0
13718 0
13719 0
13720 0
13721 137
13722 137
13723 137
13724 137
13725 137
13726 137
13727 137
13728 137
13729 137
13730 137
13731 137
13732 137
13733 137
13734 137
13735 137
13736 0
13737 0
13738 0
13739 0
13740 0
13741 0
13742 0
13743 0
13744 0
13745 0
13746 137
13747 137
13748 137
13749 137
13750 137
13751 137
13752 137
13753 137
13754 137
13755 137
13756 137
13757 137
13758 137
13759 137
13760 137
13761 0
13762 0
13763 0
13764 0
13765 0
13766 137
13767 137
13768 137
13769 137
13770 137
13771 137
13772 137
13773 137
13774 137
13775 137
13776 137
13777 137
13778 137
13779 137
13780 137
13781 137
13782 137
13783 137
13784 137
13785 137
13786 137
13787 137
13788 137
13789 137
13790 137
13791 0
13792 0
13793 0
13794 0
13795 0
13796 137
13797 137
13798 137
13799 137
13800 137
13801 137
13802 137
13803 137
13804 137
13805 137
13806 137
13807 137
13808 137
13809 137
13810 137
13811 137
13812 137
13813 137
13814 137
13815 137
13816 137
13817 137
13818 137
13819 137
13820 137
13821 137
13822 137
13823 137
13824 137
13825 137
13826 137
13827 137
13828 137
13829 137
13830 137
13831 137
13832 137
13833 137
13834 137
13835 137
13836 137
13837 137
13838 137
13839 137
13840 137
13841 0
13842 0
13843 0
13844 0
13845 0
13846 137
13847 137
13848 137
13849 137
13850 137
13851 137
13852 137
13853 137
13854 137
13855 137
13856 137
13857 137
13858 137
13859 137
13860 137
13861 137
13862 137
13863 137
13864 137
13865 137
13866 137
13867 137
13868 137
13869 137
13870 137
13871 137
13872 137
13873 137
13874 137
13875 137
13876 137
13877 137
13878 137
13879 137
13880 137
13881 137
13882 137
13883 137
13884 137
13885 137
13886 137
13887 137
13888 137
13889 137
13890 137
13891 137
13892 137
13893 137
13894 137
13895 137
13896 137
13897 137
13898 137
13899 137
13900 137
13901 137
13902 137
13903 137
13904 137
13905 137
13906 137
13907 137
13908 137
13909 137
13910 137
13911 137
13912 137
13913 137
13914 137
13915 137
13916 137
13917 137
13918 137
13919 137
13920 137
13921 137
13922 137
13923 137
13924 137
13925 137
13926 137
13927 137
13928 137
13929 137
13930 137
13931 137
13932 137
13933 137
13934 137
13935 137
13936 137
13937 137
13938 137
13939 137
13940 137
13941 0
13942 0
13943 0
13944 0
13945 0
13946 137
13947 137
13948 137
13949 137
13950 137
13951 0
13952 0
13953 0
13954 0
13955 0
13956 137
13957 137
13958 137
13959 137
13960 137
13961 137
13962 137
13963 137
13964 137
13965 137
13966 137
13967 137
13968 137
13969 137
13970 137
13971 137
13972 137
13973 137
13974 137
13975 137
13976 137
13977 137
13978 137
13979 137
13980 137
13981 137
13982 137
13983 137
13984 137
13985 137
13986 137
13987 137
13988 137
13989 137
13990 137
13991 0
13992 0
13993 0
13994 0
13995 0
13996 137
13997 137
13998 137
13999 137
14000 137
14001 137
14002 137
14003 137
14004 137
14005 137
14006 137
14007 137
14008 137
14009 137
14010 137
14011 137
14012 137
14013 137
14014 137
14015 137
14016 0
14017 0
14018 0
14019 0
14020 0
14021 137
14022 137
14023 137
14024 137
14025 137
14026 137
14027 137
14028 137
14029 137
14030 137
14031 137
14032 137
14033 137
14034 137
14035 137
14036 137
14037 137
14038 137
14039 137
14040 137
14041 137
14042 137
14043 137
14044 137
14045 137
14046 0
14047 0
14048 0
14049 0
14050 0
14051 137
14052 137
14053 137
14054 137
14055 137
14056 0
14057 0
14058 0
14059 0
14060 0
14061 137
14062 137
14063 137
14064 137
14065 137
14066 0
14067 0
14068 0
14069 0
14070 0
14071 137
14072 137
14073 137
14074 137
14075 137
14076 137
14077 137
14078 137
14079 137
14080 137
14081 137
14082 137
14083 137
14084 137
14085 137
14086 0
14087 0
14088 0
14089 0
14090 0
14091 137
14092 137
14093 137
14094 137
14095 137
14096 137
14097 137
14098 137
14099 137
14100 137
14101 137
14102 137
14103 137
14104 137
14105 137
14106 137
14107 137
14108 137
14109 137
14110 137
14111 137
14112 137
14113 137
14114 137
14115 137
14116 0
14117 0
14118 0
14119 0
14120 0
14121 137
14122 137
14123 137
14124 137
14125 137
14126 137
14127 137
14128 137
14129 137
14130 137
14131 137
14132 137
14133 137
14134 137
14135 137
14136 0
14137 0
14138 0
14139 0
14140 0
14141 137
14142 137
14143 137
14144 137
14145 137
14146 137
14147 137
14148 137
14149 137
14150 137
14151 137
14152 137
14153 137
14154 137
14155 137
14156 0
14157 0
14158 0
14159 0
14160 0
14161 0
14162 0
14163 0
14164 0
14165 0
14166 137
14167 137
14168 137
14169 137
14170 137
14171 137
14172 137
14173 137
14174 137
14175 137
14176 0
14177 0
14178 0
14179 0
14180 0
14181 137
14182 137
14183 137
14184 137
14185 137
14186 0
14187 0
14188 0
14189 0
14190 0
14191 0
14192 0
14193 0
14194 0
14195 0
14196 137
14197 137
14198 137
14199 137
14200 137
14201 137
14202 137
14203 137
14204 137
14205 137
14206 0
14207 0
14208 0
14209 0
14210 0
14211 137
14212 137
14213 137
14214 137
14215 137
14216 0
14217 0
14218 0
14219 0
14220 0
14221 0
14222 0
14223 0
14224 0
14225 0
14226 137
14227 137
14228 137
14229 137
14230 137
14231 0
14232 0
14233 0
14234 0
14235 0
14236 0
14237 0
14238 0
14239 0
14240 0
14241 0
14242 0
14243 0
14244 0
14245 0
14246 137
14247 137
14248 137
14249 137
14250 137
14251 137
14252 137
14253 137
14254 137
14255 137
14256 137
14257 137
14258 137
14259 137
14260 137
14261 0
14262 0
14263 0
14264 0
14265 0
14266 137
14267 137
14268 137
14269 137
14270 137
14271 0
14272 0
14273 0
14274 0
14275 0
14276 137
14277 137
14278 137
14279 137
14280 137
14281 137
14282 137
14283 137
14284 137
14285 137
14286 0
14287 0
14288 0
14289 0
14290 0
14291 137
14292 137
14293 137
14294 137
14295 137
14296 137
14297 137
14298 137
14299 137
14300 137
14301 0
14302 0
14303 0
14304 0
14305 0
14306 0
14307 0
14308 0
14309 0
14310 0
14311 137
14312 137
14313 137
14314 137
14315 137
14316 137
14317 137
14318 137
14319 137
14320 137
14321 137
14322 137
14323 137
14324 137
14325 137
14326 137
14327 137
14328 137
14329 137
14330 137
14331 0
14332 0
14333 0
14334 0
14335 0
14336 137
14337 137
14338 137
14339 137
14340 137
14341 137
14342 137
14343 137
14344 137
14345 137
14346 137
14347 137
14348 137
14349 137
14350 137
14351 137
14352 137
14353 137
14354 137
14355 137
14356 137
14357 137
14358 137
14359 137
14360 137
14361 0
14362 0
14363 0
14364 0
14365 0
14366 137
14367 137
14368 137
14369 137
14370 137
14371 0
14372 0
14373 0
14374 0
14375 0
14376 137
14377 137
14378 137
14379 137
14380 137
14381 137
14382 137
14383 137
14384 137
14385 137
14386 0
14387 0
14388 0
14389 0
14390 0
14391 0
14392 0
14393 0
14394 0
14395 0
14396 0
14397 0
14398 0
14399 0
14400 0
14401 137
14402 137
14403 137
14404 137
14405 137
14406 137
14407 137
14408 137
14409 137
14410 137
14411 0
14412 0
14413 0
14414 0
14415 0
14416 0
14417 0
14418 0
14419 0
14420 0
14421 137
14422 137
14423 137
14424 137
14425 137
14426 137
14427 137
14428 137
14429 137
14430 137
14431 0
14432 0
14433 0
14434 0
14435 0
14436 0
14437 0
14438 0
14439 0
14440 0
14441 0
14442 0
14443 0
14444 0
14445 0
14446 0
14447 0
14448 0
14449 0
14450 0
14451 0
14452 0
14453 0
14454 0
14455 0
14456 137
14457 137
14458 137
14459 137
14460 137
14461 137
14462 137
14463 137
14464 137
14465 137
14466 137
14467 137
14468 137
14469 137
14470 137
14471 0
14472 0
14473 0
14474 0
14475 0
14476 137
14477 137
14478 137
14479 137
14480 137
14481 137
14482 137
14483 137
14484 137
14485 137
14486 137
14487 137
14488 137
14489 137
14490 137
14491 137
14492 137
14493 137
14494 137
14495 137
14496 137
14497 137
14498 137
14499 137
14500 137
14501 137
14502 137
14503 137
14504 137
14505 137
14506 0
14507 0
14508 0
14509 0
14510 0
14511 0
14512 0
14513 0
14514 0
14515 0
14516 137
14517 137
14518 137
14519 137
14520 137
14521 137
14522 137
14523 137
14524 137
14525 137
14526 137
14527 137
14528 137
14529 137
14530 137
14531 137
14532 137
14533 137
14534 137
14535 137
14536 137
14537 137
14538 137
14539 137
14540 137
14541 137
14542 137
14543 137
14544 137
14545 137
14546 0
14547 0
14548 0
14549 0
14550 0
14551 137
14552 137
14553 137
14554 137
14555 137
14556 137
14557 137
14558 137
14559 137
14560 137
14561 137
14562 137
14563 137
14564 137
14565 137
14566 0
14567 0
14568 0
14569 0
14570 0
14571 137
14572 137
14573 137
14574 137
14575 137
14576 0
14577 0
14578 0
14579 0
14580 0
14581 137
14582 137
14583 137
14584 137
14585 137
14586 0
14587 0
14588 0
14589 0
14590 0
14591 137
14592 137
14593 137
14594 137
14595 137
14596 137
14597 137
14598 137
14599 137
14600 137
14601 0
14602 0
14603 0
14604 0
14605 0
14606 0
14607 0
14608 0
14609 0
14610 0
14611 137
14612 137
14613 137
14614 137
14615 137
14616 0
14617 0
14618 0
14619 0
14620 0
14621 137
14622 137
14623 137
14624 137
14625 137
14626 0
14627 0
14628 0
14629 0
14630 0
14631 137
14632 137
14633 137
14634 137
14635 137
14636 137
14637 137
14638 137
14639 137
14640 137
14641 137
14642 137
14643 137
14644 137
14645 137
14646 137
14647 137
14648 137
14649 137
14650 137
14651 137
14652 137
14653 137
14654 137
14655 137
14656 0
14657 0
14658 0
14659 0
14660 0
14661 0
14662 0
14663 0
14664 0
14665 0
14666 137
14667 137
14668 137
14669 137
14670 137
14671 0
14672 0
14673 0
14674 0
14675 0
14676 0
14677 0
14678 0
14679 0
14680 0
14681 0
14682 0
14683 0
14684 0
14685 0
14686 137
14687 137
14688 137
14689 137
14690 137
14691 137
14692 137
14693 137
14694 137
14695 137
14696 0
14697 0
14698 0
14699 0
14700 0
14701 137
14702 137
14703 137
14704 137
14705 137
14706 0
14707 0
14708 0
14709 0
14710 0
14711 137
14712 137
14713 137
14714 137
14715 137
14716 0
14717 0
14718 0
14719 0
14720 0
14721 137
14722 137
14723 137
14724 137
14725 137
14726 137
14727 137
14728 137
14729 137
14730 137
14731 137
14732 137
14733 137
14734 137
14735 137
14736 0
14737 0
14738 0
14739 0
14740 0
14741 0
14742 0
14743 0
14744 0
14745 0
14746 0
14747 0
14748 0
14749 0
14750 0
14751 137
14752 137
14753 137
14754 137
14755 137
14756 0
14757 0
14758 0
14759 0
14760 0
14761 0
14762 0
14763 0
14764 0
14765 0
14766 0
14767 0
14768 0
14769 0
14770 0
14771 137
14772 137
14773 137
14774 137
14775 137
14776 137
14777 137
14778 137
14779 137
14780 137
14781 137
14782 137
14783 137
14784 137
14785 137
14786 0
14787 0
14788 0
14789 0
14790 0
14791 0
14792 0
14793 0
14794 0
14795 0
14796 137
14797 137
14798 137
14799 137
14800 137
14801 137
14802 137
14803 137
14804 137
14805 137
14806 137
14807 137
14808 137
14809 137
14810 137
14811 137
14812 137
14813 137
14814 137
14815 137
14816 137
14817 137
14818 137
14819 137
14820 137
14821 0
14822 0
14823 0
14824 0
14825 0
14826 137
14827 137
14828 137
14829 137
14830 137
14831 137
14832 137
14833 137
14834 137
14835 137
14836 137
14837 137
14838 137
14839 137
14840 137
14841 0
14842 0
14843 0
14844 0
14845 0
14846 137
14847 137
14848 137
14849 137
14850 137
14851 137
14852 137
14853 137
14854 137
14855 137
14856 0
14857 0
14858 0
14859 0
14860 0
14861 0
14862 0
14863 0
14864 0
14865 0
14866 0
14867 0
14868 0
14869 0
14870 0
14871 137
14872 137
14873 137
14874 137
14875 137
14876 137
14877 137
14878 137
14879 137
14880 137
14881 137
14882 137
14883 137
14884 137
14885 137
14886 137
14887 137
14888 137
14889 137
14890 137
14891 137
14892 137
14893 137
14894 137
14895 137
14896 0
14897 0
14898 0
14899 0
14900 0
14901 137
14902 137
14903 137
14904 137
14905 137
14906 137
14907 137
14908 137
14909 137
14910 137
14911 137
14912 137
14913 137
14914 137
14915 137
14916 137
14917 137
14918 137
14919 137
14920 137
14921 0
14922 0
14923 0
14924 0
14925 0
14926 137
14927 137
14928 137
14929 137
14930 137
14931 0
14932 0
14933 0
14934 0
14935 0
14936 137
14937 137
14938 137
14939 137
14940 137
14941 0
14942 0
14943 0
14944 0
14945 0
14946 137
14947 137
14948 137
14949 137
14950 137
14951 0
14952 0
14953 0
14954 0
14955 0
14956 0
14957 0
14958 0
14959 0
14960 0
14961 137
14962 137
14963 137
14964 137
14965 137
14966 137
14967 137
14968 137
14969 137
14970 137
14971 0
14972 0
14973 0
14974 0
14975 0
14976 0
14977 0
14978 0
14979 0
14980 0
14981 0
14982 0
14983 0
14984 0
14985 0
14986 0
14987 0
14988 0
14989 0
14990 0
14991 0
14992 0
14993 0
14994 0
14995 0
14996 137
14997 137
14998 137
14999 137
15000 137
15001 137
15002 137
15003 137
15004 137
15005 137
15006 137
15007 137
15008 137
15009 137
15010 137
15011 137
15012 137
15013 137
15014 137
15015 137
15016 0
15017 0
15018 0
15019 0
15020 0
15021 0
15022 0
15023 0
15024 0
15025 0
15026 0
15027 0
15028 0
15029 0
15030 0
15031 137
15032 137
15033 137
15034 137
15035 137
15036 137
15037 137
15038 137
15039 137
15040 137
15041 0
15042 0
15043 0
15044 0
15045 0
15046 0
15047 0
15048 0
15049 0
15050 0
15051 137
15052 137
15053 137
15054 137
15056 0
15057 0
15058 0
15059 0
15060 0
15061 137
15062 137
15063 137
15064 137
15065 137
15066 0
15067 0
15068 0
15069 0
15070 0
15071 0
15072 0
15073 0
15074 0
15075 0
15076 137
15077 137
15078 137
15079 137
15080 137
15081 137
15082 137
15083 137
15084 137
15085 137
15086 0
15087 0
15088 0
15089 0
15090 0
15091 137
15092 137
15093 137
15094 137
15095 137
15096 137
15097 137
15098 137
15099 137
15100 137
15101 137
15102 137
15103 137
15104 137
15105 137
15106 137
15107 137
15108 137
15109 137
15110 137
15111 0
15112 0
15113 0
15114 0
15115 0
15116 0
15117 0
15118 0
15119 0
15120 0
15121 137
15122 137
15123 137
15124 137
15125 137
15126 137
15127 137
15128 137
15129 137
15130 137
15131 0
15132 0
15133 0
15134 0
15135 0
15136 0
15137 0
15138 0
15139 0
15140 0
15141 137
15142 137
15143 137
15144 137
15145 137
15146 137
15147 137
15148 137
15149 137
15150 137
15151 137
15152 137
15153 137
15154 137
15155 137
15156 0
15157 0
15158 0
15159 0
15160 0
15161 0
15162 0
15163 0
15164 0
15165 0
15166 137
15167 137
15168 137
15169 137
15170 137
15171 0
15172 0
15173 0
15174 0
15175 0
15176 0
15177 0
15178 0
15179 0
15180 0
15181 0
15182 0
15183 0
15184 0
15185 0
15186 0
15187 0
15188 0
15189 0
15190 0
15191 0
15192 0
15193 0
15194 0
15195 0
15196 0
15197 0
15198 0
15199 0
15200 0
15201 137
15202 137
15203 137
15204 137
15205 137
15206 0
15207 0
15208 0
15209 0
15210 0
15211 137
15212 137
15213 137
15214 137
15215 137
15216 0
15217 0
15218 0
15219 0
15220 0
15221 0
15222 0
15223 0
15224 0
15225 0
15226 137
15227 137
15228 137
15229 137
15230 137
15231 0
15232 0
15233 0
15234 0
15235 0
15236 0
15237 0
15238 0
15239 0
15240 0
15241 0
15242 0
15243 0
15244 0
15245 0
15246 137
15247 137
15248 137
15249 137
15250 137
15251 0
15252 0
15253 0
15254 0
15255 0
15256 137
15257 137
15258 137
15259 137
15260 137
15261 0
15262 0
15263 0
15264 0
15265 0
15266 137
15267 137
15268 137
15269 137
15270 137
15271 0
15272 0
15273 0
15274 0
15275 0
15276 0
15277 0
15278 0
15279 0
15280 0
15281 137
15282 137
15283 137
15284 137
15285 137
15286 0
15287 0
15288 0
15289 0
15290 0
15291 0
15292 0
15293 0
15294 0
15295 0
15296 137
15297 137
15298 137
15299 137
15300 137
15301 0
15302 0
15303 0
15304 0
15305 0
15306 0
15307 0
15308 0
15309 0
15310 0
15311 137
15312 137
15313 137
15314 137
15315 137
15316 137
15317 137
15318 137
15319 137
15320 137
15321 137
15322 137
15323 137
15324 137
15325 137
15326 0
15327 0
15328 0
15329 0
15330 0
15331 0
15332 0
15333 0
15334 0
15335 0
15336 137
15337 137
15338 137
15339 137
15340 137
15341 137
15342 137
15343 137
15344 137
15345 137
15346 137
15347 137
15348 137
15349 137
15350 137
15351 137
15352 137
15353 137
15354 137
15355 137
15356 137
15357 137
15358 137
15359 137
15360 137
15361 0
15362 0
15363 0
15364 0
15365 0
15366 0
15367 0
15368 0
15369 0
15370 0
15371 0
15372 0
15373 0
15374 0
15375 0
15376 137
15377 137
15378 137
15379 137
15380 137
15381 0
15382 0
15383 0
15384 0
15385 0
15386 0
15387 0
15388 0
15389 0
15390 0
15391 0
15392 0
15393 0
15394 0
15395 0
15396 0
15397 0
15398 0
15399 0
15400 0
15401 0
15402 0
15403 0
15404 0
15405 0
15406 137
15407 137
15408 137
15409 137
15410 137
15411 0
15412 0
15413 0
15414 0
15415 0
15416 0
15417 0
15418 0
15419 0
15420 0
15421 137
15422 137
15423 137
15424 137
15425 137
15426 137
15427 137
15428 137
15429 137
15430 137
15431 0
15432 0
15433 0
15434 0
15435 0
15436 0
15437 0
15438 0
15439 0
15440 0
15441 0
15442 0
15443 0
15444 0
15445 0
15446 0
15447 0
15448 0
15449 0
15450 0
15451 0
15452 0
15453 0
15454 0
15455 0
15456 137
15457 137
15458 137
15459 137
15460 137
15461 137
15462 137
15463 137
15464 137
15465 137
15466 137
15467 137
15468 137
15469 137
15470 137
15471 0
15472 0
15473 0
15474 0
15475 0
15476 137
15477 137
15478 137
15479 137
15480 137
15481 137
15482 137
15483 137
15484 137
15485 137
15486 137
15487 137
15488 137
15489 137
15490 137
15491 137
15492 137
15493 137
15494 137
15495 137
15496 0
15497 0
15498 0
15499 0
15500 0
15501 137
15502 137
15503 137
15504 137
15505 137
15506 0
15507 0
15508 0
15509 0
15510 0
15511 0
15512 0
15513 0
15514 0
15515 0
15516 137
15517 137
15518 137
15519 137
15520 137
15521 0
15522 0
15523 0
15524 0
15525 0
15526 0
15527 0
15528 0
15529 0
15530 0
15531 137
15532 137
15533 137
15534 137
15535 137
15536 137
15537 137
15538 137
15539 137
15540 137
15541 137
15542 137
15543 137
15544 137
15545 137
15546 0
15547 0
15548 0
15549 0
15550 0
15551 0
15552 0
15553 0
15554 0
15555 0
15556 0
15557 0
15558 0
15559 0
15560 0
15561 137
15562 137
15563 137
15564 137
15565 137
15566 0
15567 0
15568 0
15569 0
15570 0
15571 137
15572 137
15573 137
15574 137
15575 137
15576 0
15577 0
15578 0
15579 0
15580 0
15581 137
15582 137
15583 137
15584 137
15585 137
15586 0
15587 0
15588 0
15589 0
15590 0
15591 137
15592 137
15593 137
15594 137
15595 137
15596 137
15597 137
15598 137
15599 137
15600 137
15601 0
15602 0
15603 0
15604 0
15605 0
15606 0
15607 0
15608 0
15609 0
15610 0
15611 137
15612 137
15613 137
15614 137
15615 137
15616 0
15617 0
15618 0
15619 0
15620 0
15621 137
15622 137
15623 137
15624 137
15625 137
15626 0
15627 0
15628 0
15629 0
15630 0
15631 137
15632 137
15633 137
15634 137
15635 137
15636 137
15637 137
15638 137
15639 137
15640 137
15641 137
15642 137
15643 137
15644 137
15645 137
15646 137
15647 137
15648 137
15649 137
15650 137
15651 137
15652 137
15653 137
15654 137
15655 137
15656 0
15657 0
15658 0
15659 0
15660 0
15661 0
15662 0
15663 0
15664 0
15665 0
15666 137
15667 137
15668 137
15669 137
15670 137
15671 0
15672 0
15673 0
15674 0
15675 0
15676 0
15677 0
15678 0
15679 0
15680 0
15681 0
15682 0
15683 0
15684 0
15685 0
15686 0
15687 0
15688 0
15689 0
15690 0
15691 137
15692 137
15693 137
15694 137
15695 137
15696 0
15697 0
15698 0
15699 0
15700 0
15701 0
15702 0
15703 0
15704 0
15705 0
15706 0
15707 0
15708 0
15709 0
15710 0
15711 137
15712 137
15713 137
15714 137
15715 137
15716 0
15717 0
15718 0
15719 0
15720 0
15721 137
15722 137
15723 137
15724 137
15725 137
15726 137
15727 137
15728 137
15729 137
15730 137
15731 137
15732 137
15733 137
15734 137
15735 137
15736 0
15737 0
15738 0
15739 0
15740 0
15741 0
15742 0
15743 0
15744 0
15745 0
15746 0
15747 0
15748 0
15749 0
15750 0
15751 137
15752 137
15753 137
15754 137
15755 137
15756 0
15757 0
15758 0
15759 0
15760 0
15761 0
15762 0
15763 0
15764 0
15765 0
15766 0
15767 0
15768 0
15769 0
15770 0
15771 0
15772 0
15773 0
15774 0
15775 0
15776 137
15777 137
15778 137
15779 137
15780 137
15781 137
15782 137
15783 137
15784 137
15785 137
15786 0
15787 0
15788 0
15789 0
15790 0
15791 0
15792 0
15793 0
15794 0
15795 0
15796 0
15797 0
15798 0
15799 0
15800 0
15801 137
15802 137
15803 137
15804 137
15805 137
15806 137
15807 137
15808 137
15809 137
15810 137
15811 137
15812 137
15813 137
15814 137
15815 137
15816 137
15817 137
15818 137
15819 137
15820 137
15821 0
15822 0
15823 0
15824 0
15825 0
15826 137
15827 137
15828 137
15829 137
15830 137
15831 137
15832 137
15833 137
15834 137
15835 137
15836 137
15837 137
15838 137
15839 137
15840 137
15841 0
15842 0
15843 0
15844 0
15845 0
15846 0
15847 0
15848 0
15849 0
15850 0
15851 0
15852 0
15853 0
15854 0
15855 0
15856 0
15857 0
15858 0
15859 0
15860 0
15861 0
15862 0
15863 0
15864 0
15865 0
15866 0
15867 0
15868 0
15869 0
15870 0
15871 0
15872 0
15873 0
15874 0
15875 0
15876 137
15877 137
15878 137
15879 137
15880 137
15881 137
15882 137
15883 137
15884 137
15885 137
15886 137
15887 137
15888 137
15889 137
15890 137
15891 0
15892 0
15893 0
15894 0
15895 0
15896 0
15897 0
15898 0
15899 0
15900 0
15901 0
15902 0
15903 0
15904 0
15905 0
15906 137
15907 137
15908 137
15909 137
15910 137
15911 137
15912 137
15913 137
15914 137
15915 137
15916 137
15917 137
15918 137
15919 137
15920 137
15921 0
15922 0
15923 0
15924 0
15925 0
15926 137
15927 137
15928 137
15929 137
15930 137
15931 0
15932 0
15933 0
15934 0
15935 0
15936 137
15937 137
15938 137
15939 137
15940 137
15941 0
15942 0
15943 0
15944 0
15945 0
15946 137
15947 137
15948 137
15949 137
15950 137
15951 0
15952 0
15953 0
15954 0
15955 0
15956 0
15957 0
15958 0
15959 0
15960 0
15961 137
15962 137
15963 137
15964 137
15965 137
15966 137
15967 137
15968 137
15969 137
15970 137
15971 0
15972 0
15973 0
15974 0
15975 0
15976 0
15977 0
15978 0
15979 0
15980 0
15981 0
15982 0
15983 0
15984 0
15985 0
15986 0
15987 0
15988 0
15989 0
15990 0
15991 0
15992 0
15993 0
15994 0
15995 0
15996 137
15997 137
15998 137
15999 137
16000 137
16001 137
16002 137
16003 137
16004 137
16005 137
16006 137
16007 137
16008 137
16009 137
16010 137
16011 137
16012 137
16014 137
16015 137
16016 0
16017 0
16018 0
16019 0
16020 0
16021 0
16022 0
16023 0
16024 0
16025 0
16026 137
16027 137
16028 137
16029 137
16030 137
16031 137
16032 137
16033 137
16034 137
16035 137
16036 137
16037 137
16038 137
16039 137
16040 137
16041 0
16042 0
16043 0
16044 0
16045 0
16047 137
16048 137
16049 137
16050 137
16051 137
16052 137
16053 137
16054 137
16055 137
16056 0
16057 0
16058 0
16059 0
16060 0
16061 137
16062 137
16063 137
16064 137
16065 137
16066 0
16067 0
16068 0
16069 0
16070 0
16071 137
16072 137
16073 137
16074 137
16075 137
16076 137
16077 137
16078 137
16079 137
16080 137
16081 137
16082 137
16083 137
16084 137
16085 137
16086 0
16087 0
16088 0
16089 0
16090 0
16091 137
16092 137
16093 137
16094 137
16095 137
16096 137
16097 137
16098 137
16099 137
16100 137
16101 137
16102 137
16103 137
16104 137
16105 137
16106 0
16107 0
16108 0
16109 0
16110 0
16111 137
16112 137
16113 137
16114 137
16115 137
16116 0
16117 0
16118 0
16119 0
16120 0
16121 137
16122 137
16123 137
16124 137
16125 137
16126 137
16127 137
16128 137
16129 137
16130 137
16131 137
16132 137
16133 137
16134 137
16135 137
16136 0
16137 0
16138 0
16139 0
16140 0
16141 137
16142 137
16143 137
16144 137
16145 137
16146 137
16147 137
16148 137
16149 137
16150 137
16151 137
16152 137
16153 137
16154 137
16155 137
16156 0
16157 0
16158 0
16159 0
16160 0
16161 0
16162 0
16163 0
16164 0
16165 0
16166 137
16167 137
16168 137
16169 137
16170 137
16171 0
16172 0
16173 0
16174 0
16175 0
16176 0
16177 0
16178 0
16179 0
16180 0
16181 0
16182 0
16183 0
16184 0
16185 0
16186 0
16187 0
16188 0
16189 0
16190 0
16191 0
16192 0
16193 0
16194 0
16195 0
16196 0
16197 0
16198 0
16199 0
16200 0
16201 137
16202 137
16203 137
16204 137
16205 137
16206 0
16207 0
16208 0
16209 0
16210 0
16211 137
16212 137
16213 137
16214 137
16215 137
16216 0
16217 0
16218 0
16219 0
16220 0
16221 0
16222 0
16223 0
16224 0
16225 0
16226 137
16227 137
16228 137
16229 137
16230 137
16231 137
16232 137
16233 137
16234 137
16235 137
16236 0
16237 0
16238 0
16239 0
16240 0
16241 0
16242 0
16243 0
16244 0
16245 0
16246 137
16247 137
16248 137
16249 137
16250 137
16251 0
16252 0
16253 0
16254 0
16255 0
16256 137
16257 137
16258 137
16259 137
16260 137
16261 0
16262 0
16263 0
16264 0
16265 0
16266 137
16267 137
16268 137
16269 137
16270 137
16271 0
16272 0
16273 0
16274 0
16275 0
16276 0
16277 0
16278 0
16279 0
16280 0
16281 137
16282 137
16283 137
16284 137
16285 137
16286 0
16287 0
16288 0
16289 0
16290 0
16291 0
16292 0
16293 0
16294 0
16295 0
16296 137
16297 137
16298 137
16299 137
16300 137
16301 0
16302 0
16303 0
16304 0
16305 0
16306 0
16307 0
16308 0
16309 0
16310 0
16311 137
16312 137
16313 137
16314 137
16315 137
16316 0
16317 0
16318 0
16319 0
16320 0
16321 137
16322 137
16323 137
16324 137
16325 137
16326 0
16327 0
16328 0
16329 0
16330 0
16331 0
16332 0
16333 0
16334 0
16335 0
16336 0
16337 0
16339 0
16340 0
16341 137
16342 137
16343 137
16344 137
16345 137
16346 137
16347 137
16348 137
16349 137
16350 137
16351 137
16352 137
16353 137
16354 137
16355 137
16356 137
16357 137
16358 137
16359 137
16360 137
16361 0
16362 0
16363 0
16364 0
16365 0
16366 137
16367 137
16369 137
16370 137
16371 0
16372 0
16373 0
16374 0
16375 0
16376 0
16377 0
16378 0
16379 0
16380 0
16381 0
16382 0
16383 0
16384 0
16385 0
16386 0
16387 0
16388 0
16389 0
16390 0
16391 0
16392 0
16393 0
16394 0
16395 0
16396 0
16397 0
16398 0
16399 0
16400 0
16401 0
16402 0
16403 0
16404 0
16405 0
16406 137
16407 137
16408 137
16409 137
16410 137
16411 0
16412 0
16413 0
16414 0
16415 0
16416 0
16417 0
16418 0
16419 0
16420 0
16421 137
16422 137
16423 137
16424 137
16425 137
16426 137
16427 137
16429 137
16430 137
16431 0
16432 0
16433 0
16434 0
16435 0
16436 0
16437 0
16438 0
16439 0
16440 0
16441 0
16442 0
16443 0
16444 0
16445 0
16446 0
16447 0
16448 0
16449 0
16450 0
16451 0
16452 0
16453 0
16454 0
16455 0
16456 0
16457 137
16458 0
16459 0
16460 0
16461 137
16462 137
16463 137
16464 137
16465 137
16466 137
16467 137
16468 137
16469 137
16470 137
16471 0
16472 0
16473 0
16474 0
16475 0
16476 137
16477 137
16478 137
16479 137
16480 137
16481 137
16482 137
16483 137
16484 137
16485 137
16486 137
16487 137
16488 137
16489 137
16490 137
16491 137
16492 137
16493 137
16494 137
16495 137
16496 0
16497 0
16498 0
16499 0
16500 0
16501 137
16502 137
16503 137
16504 137
16505 137
16506 0
16507 0
16508 0
16509 0
16510 0
16511 0
16512 0
16513 0
16514 0
16515 0
16516 137
16517 137
16518 137
16519 137
16520 137
16521 0
16522 0
16523 0
16524 0
16525 0
16526 0
16527 0
16528 0
16529 0
16530 0
16531 137
16532 137
16533 137
16534 137
16536 137
16537 137
16538 137
16539 137
16540 137
16541 137
16542 137
16543 137
16544 137
16545 137
16546 0
16547 0
16548 0
16549 0
16550 0
16551 0
16553 0
16554 0
16555 0
16556 137
16557 137
16558 137
16559 137
16560 137
16561 137
16562 137
16563 137
16564 137
16565 137
16566 0
16567 0
16568 0
16569 0
16570 0
16571 137
16572 137
16573 137
16574 137
16575 137
16576 0
16577 0
16578 0
16579 0
16580 0
16581 137
16582 137
16583 137
16584 137
16585 137
16586 0
16587 0
16588 0
16589 0
16590 0
16591 137
16592 137
16593 137
16594 137
16595 137
16596 137
16597 137
16598 137
16599 137
16600 137
16601 0
16602 0
16603 0
16604 0
16605 0
16606 0
16607 0
16608 0
16609 0
16610 0
16611 137
16612 137
16613 137
16614 137
16615 137
16616 0
16617 0
16618 0
16619 0
16620 0
16621 137
16622 137
16623 137
16624 137
16625 137
16626 0
16627 0
16628 0
16629 0
16630 0
16631 137
16632 137
16633 137
16635 137
16636 137
16637 137
16638 137
16639 137
16640 137
16641 137
16643 137
16644 137
16645 137
16647 137
16648 137
16649 137
16650 137
16651 137
16652 137
16653 137
16654 137
16655 137
16656 0
16657 0
16658 0
16659 0
16660 0
16661 0
16662 0
16663 0
16664 0
16665 0
16666 0
16667 0
16668 0
16669 0
16670 0
16671 0
16672 0
16673 0
16674 0
16675 0
16676 0
16677 0
16678 0
16679 0
16680 0
16681 0
16682 0
16683 0
16684 0
16685 0
16686 137
16687 137
16688 137
16689 137
16690 137
16691 137
16692 137
16693 137
16694 137
16695 137
16696 0
16697 0
16698 0
16699 0
16700 0
16701 0
16702 0
16703 0
16704 0
16705 0
16706 0
16707 0
16708 0
16709 0
16710 0
16711 137
16712 137
16713 137
16714 137
16715 137
16716 0
16717 0
16718 0
16719 0
16720 0
16721 137
16722 137
16723 137
16724 137
16725 137
16726 137
16727 137
16728 137
16729 137
16730 137
16731 137
16732 137
16733 137
16734 137
16735 137
16736 0
16737 0
16738 0
16739 0
16740 0
16741 0
16742 0
16743 0
16744 0
16745 0
16746 0
16747 0
16748 0
16749 0
16750 0
16751 137
16752 137
16753 137
16754 137
16755 137
16756 0
16757 0
16758 0
16759 0
16760 0
16761 0
16762 0
16763 0
16764 0
16765 0
16766 0
16767 0
16768 0
16769 0
16770 0
16771 0
16772 0
16773 0
16774 0
16775 0
16776 137
16777 137
16778 137
16779 137
16780 137
16781 137
16782 137
16783 137
16784 137
16785 137
16786 0
16787 0
16788 0
16789 0
16790 0
16791 0
16792 0
16793 0
16794 0
16795 0
16796 137
16797 137
16798 137
16799 137
16800 137
16801 137
16802 137
16803 137
16804 137
16805 137
16806 137
16807 137
16808 137
16809 137
16810 137
16811 0
16812 0
16813 0
16814 0
16815 0
16816 0
16817 0
16818 0
16819 0
16820 0
16821 0
16822 0
16823 0
16824 0
16825 0
16826 0
16827 0
16828 0
16829 0
16830 0
16831 137
16832 137
16833 137
16834 137
16835 137
16836 137
16837 137
16838 137
16839 137
16840 137
16841 0
16842 0
16843 0
16844 0
16845 0
16846 137
16847 137
16848 137
16849 137
16850 137
16851 137
16852 137
16853 137
16854 137
16855 137
16856 0
16857 0
16858 0
16859 0
16860 0
16861 0
16862 0
16863 0
16864 0
16865 0
16866 0
16867 0
16868 0
16869 0
16870 0
16871 0
16872 0
16873 0
16874 0
16876 0
16877 0
16878 137
16879 0
16880 0
16881 137
16882 137
16883 137
16884 137
16885 137
16886 0
16887 137
16888 0
16889 0
16890 0
16891 137
16892 137
16893 137
16894 137
16895 137
16896 0
16897 0
16898 0
16899 0
16900 0
16901 0
16902 0
16903 0
16904 0
16905 0
16906 137
16907 137
16908 137
16910 137
16911 137
16912 137
16913 137
16914 137
16915 137
16916 137
16917 137
16918 137
16919 137
16920 137
16921 0
16922 0
16923 0
16924 0
16925 0
16926 137
16927 137
16928 137
16929 137
16931 0
16932 0
16933 0
16934 0
16935 0
16936 137
16937 137
16938 137
16939 137
16940 137
16941 0
16942 0
16943 0
16944 0
16945 0
16946 137
16947 137
16948 137
16949 137
16950 137
16951 0
16952 0
16953 0
16954 0
16955 0
16956 0
16957 0
16958 0
16959 0
16960 0
16961 137
16962 137
16963 137
16964 137
16965 137
16966 137
16967 137
16968 137
16969 137
16970 137
16971 137
16972 137
16973 137
16974 137
16975 137
16976 0
16977 0
16978 0
16979 0
16980 0
16981 137
16982 137
16983 137
16984 137
16985 137
16986 137
16987 137
16988 137
16989 137
16990 137
16991 0
16992 0
16993 0
16994 0
16995 0
16996 137
16997 137
16998 137
16999 137
17000 137
17001 137
17002 137
17003 137
17004 137
17005 137
17006 137
17007 137
17008 137
17009 137
17010 137
17011 137
17012 137
17013 137
17014 137
17015 137
17016 137
17017 137
17018 137
17019 137
17020 137
17021 137
17022 137
17023 137
17025 137
17026 137
17027 137
17028 137
17029 137
17030 137
17031 137
17032 137
17033 137
17034 137
17035 137
17036 137
17037 137
17038 137
17039 137
17040 137
17041 137
17042 137
17043 137
17044 137
17045 137
17046 137
17047 137
17048 137
17049 137
17051 137
17052 137
17053 137
17054 137
17055 137
17056 137
17058 137
17059 137
17060 137
17061 137
17062 137
17063 137
17064 137
17065 137
17066 137
17067 137
17068 137
17069 137
17070 137
17071 137
17072 137
17073 137
17074 137
17075 137
17076 137
17077 137
17078 137
17079 137
17080 137
17081 137
17082 137
17083 137
17084 137
17085 137
17086 0
17087 0
17088 0
17089 0
17090 0
17091 137
17092 137
17093 137
17094 137
17095 137
17096 137
17097 137
17098 137
17099 137
17100 137
17101 137
17102 137
17104 137
17105 137
17106 137
17107 137
17108 137
17109 137
17110 137
17111 137
17112 137
17113 137
17114 137
17115 137
17116 137
17117 137
17118 137
17119 137
17120 137
17121 137
17122 137
17123 137
17124 137
17125 137
17126 137
17127 137
17128 137
17129 137
17130 137
17131 137
17132 137
17133 137
17134 137
17135 137
17136 137
17137 137
17138 137
17139 137
17140 137
17141 137
17142 137
17143 137
17144 137
17145 137
17146 137
17147 137
17148 137
17149 137
17150 137
17151 137
17152 137
17153 137
17154 137
17156 0
17157 0
17158 0
17159 0
17160 0
17161 137
17162 137
17163 137
17164 137
17165 137
17166 137
17167 137
17168 137
17169 137
17170 137
17171 137
17172 137
17173 137
17174 137
17175 137
17176 0
17177 0
17178 0
17179 0
17180 0
17181 137
17182 137
17183 137
17184 137
17185 137
17186 0
17187 0
17188 0
17189 0
17190 0
17191 0
17192 0
17193 0
17194 0
17195 0
17196 137
17197 137
17198 137
17199 137
17200 137
17201 137
17202 137
17203 137
17204 137
17205 137
17206 0
17207 0
17208 0
17209 0
17210 0
17211 137
17212 137
17213 137
17214 137
17215 137
17216 0
17217 0
17218 0
17219 0
17220 0
17221 0
17222 0
17223 0
17224 0
17225 0
17226 137
17227 137
17228 137
17229 137
17230 137
17231 137
17232 137
17233 137
17234 137
17235 137
17236 0
17237 0
17238 0
17239 0
17240 0
17241 137
17242 137
17243 137
17244 137
17245 137
17246 137
17247 137
17248 137
17249 137
17250 137
17251 137
17252 137
17253 137
17254 137
17255 137
17256 137
17257 137
17258 137
17259 137
17260 137
17261 0
17262 0
17263 0
17264 0
17265 0
17266 137
17267 137
17268 137
17269 137
17271 0
17272 0
17273 0
17274 0
17275 0
17276 137
17277 137
17279 137
17280 137
17281 137
17282 137
17283 137
17284 137
17285 137
17286 0
17287 0
17288 0
17289 0
17290 0
17291 137
17292 137
17293 137
17294 137
17295 137
17296 137
17297 137
17298 137
17299 137
17300 137
17301 0
17302 0
17303 0
17304 0
17305 0
17306 137
17307 137
17308 137
17309 137
17310 137
17311 137
17312 137
17313 137
17314 137
17315 137
17316 137
17317 137
17318 137
17319 137
17320 137
17321 137
17322 137
17323 137
17324 137
17325 137
17326 137
17327 137
17328 137
17329 137
17330 137
17331 137
17332 137
17333 137
17334 137
17335 137
17336 137
17337 137
17338 137
17339 137
17340 137
17341 137
17342 137
17343 137
17344 137
17345 137
17346 137
17347 137
17348 137
17349 137
17350 137
17351 137
17352 137
17353 137
17354 137
17355 137
17356 137
17357 137
17358 137
17359 137
17360 137
17361 137
17362 137
17363 137
17364 137
17365 137
17366 137
17367 137
17368 137
17369 137
17370 137
17371 0
17372 0
17373 0
17374 0
17375 0
17376 137
17377 137
17378 137
17379 137
17380 137
17381 137
17382 137
17383 137
17384 137
17385 137
17386 137
17387 137
17388 137
17389 137
17390 137
17391 0
17392 0
17393 0
17394 0
17395 0
17396 0
17397 0
17398 0
17399 0
17400 0
17401 137
17402 137
17403 137
17404 137
17405 137
17406 137
17407 137
17408 137
17409 137
17410 137
17411 0
17412 0
17413 0
17414 0
17415 0
17416 0
17417 0
17418 0
17419 0
17420 0
17421 137
17422 137
17423 137
17424 137
17425 137
17426 137
17427 137
17428 137
17429 137
17430 137
17431 0
17432 0
17433 0
17434 0
17435 0
17436 137
17437 137
17438 137
17439 137
17440 137
17441 137
17442 137
17443 137
17444 137
17445 137
17446 0
17447 0
17448 0
17449 0
17450 0
17451 0
17452 0
17453 0
17454 0
17455 0
17456 137
17457 137
17458 137
17459 137
17460 137
17461 137
17462 137
17463 137
17464 137
17465 137
17466 137
17467 137
17468 137
17469 137
17470 137
17471 137
17472 137
17473 137
17474 137
17475 137
17476 137
17477 137
17478 137
17479 137
17480 137
17481 137
17482 137
17483 137
17484 137
17486 137
17487 137
17488 137
17489 137
17490 137
17491 137
17492 137
17493 137
17494 137
17495 137
17496 137
17497 137
17498 137
17499 137
17500 137
17501 137
17502 137
17503 137
17504 137
17505 137
17506 137
17507 137
17508 137
17509 137
17510 137
17511 0
17512 0
17513 0
17514 0
17515 0
17516 137
17517 137
17518 137
17519 137
17520 137
17521 137
17522 137
17523 137
17524 137
17525 137
17526 137
17527 137
17528 137
17529 137
17530 137
17531 137
17532 137
17533 137
17534 137
17535 137
17536 137
17537 137
17538 137
17539 137
17540 137
17541 137
17542 137
17543 137
17544 137
17545 137
17546 137
17547 137
17548 137
17549 137
17550 137
17551 137
17552 137
17553 137
17554 137
17555 137
17556 137
17557 137
17559 137
17560 137
17561 137
17562 137
17563 137
17564 137
17565 137
17566 0
17567 0
17568 0
17569 0
17570 0
17571 137
17572 137
17573 137
17574 137
17575 137
17576 0
17577 0
17578 0
17579 0
17580 0
17581 137
17582 137
17583 137
17584 137
17585 137
17586 0
17587 0
17588 0
17589 0
17590 0
17591 137
17592 137
17593 137
17594 137
17595 137
17596 137
17597 137
17598 137
17599 137
17600 137
17601 0
17602 0
17603 0
17604 0
17605 0
17606 0
17607 0
17608 0
17609 0
17610 0
17611 137
17612 137
17613 137
17614 137
17615 137
17616 0
17617 0
17618 0
17619 0
17620 0
17621 137
17622 137
17623 137
17624 137
17625 137
17626 0
17627 0
17628 0
17629 0
17630 0
17631 137
17632 137
17633 137
17634 137
17635 137
17636 137
17637 137
17638 137
17639 137
17640 137
17641 137
17642 137
17643 137
17644 137
17645 137
17646 137
17647 137
17648 137
17649 137
17650 137
17651 137
17652 137
17653 137
17654 137
17655 137
17656 0
17657 0
17658 0
17659 0
17660 0
17661 0
17662 0
17663 0
17664 0
17665 0
17666 137
17667 137
17668 137
17669 137
17670 137
17671 137
17672 137
17673 137
17674 137
17675 137
17676 0
17677 0
17678 0
17679 0
17680 0
17681 0
17682 0
17683 0
17684 0
17685 0
17686 137
17687 137
17688 137
17689 137
17690 137
17691 137
17692 137
17693 137
17694 137
17695 137
17696 0
17697 0
17698 0
17699 0
17700 0
17701 137
17702 137
17703 137
17704 137
17705 137
17706 137
17707 137
17708 137
17709 137
17710 137
17711 137
17712 137
17713 137
17714 137
17715 137
17716 0
17717 0
17718 0
17719 0
17720 0
17721 137
17722 137
17723 137
17724 137
17725 137
17726 137
17727 137
17728 137
17729 137
17730 137
17731 137
17732 137
17733 137
17734 137
17735 137
17736 0
17737 0
17738 0
17739 0
17740 0
17741 0
17742 0
17743 0
17744 0
17745 0
17746 0
17747 0
17748 0
17749 0
17750 0
17751 137
17752 137
17753 137
17754 137
17755 137
17756 137
17757 137
17758 137
17759 137
17760 137
17761 0
17762 0
17763 0
17764 0
17765 0
17766 0
17767 0
17768 0
17769 0
17770 0
17771 137
17772 137
17773 137
17774 137
17775 137
17776 137
17777 137
17778 137
17779 137
17780 137
17781 137
17782 137
17783 137
17784 137
17785 137
17786 0
17787 0
17788 0
17789 0
17790 0
17791 0
17792 0
17793 0
17794 0
17795 0
17796 137
17797 137
17798 137
17800 137
17801 137
17802 137
17803 137
17804 137
17805 137
17806 137
17807 137
17808 137
17809 137
17810 137
17811 137
17812 137
17813 137
17814 137
17815 137
17816 137
17817 137
17818 137
17819 137
17820 137
17821 0
17822 0
17823 0
17824 0
17825 0
17826 137
17827 137
17828 137
17829 137
17830 137
17831 137
17832 137
17833 137
17834 137
17835 137
17836 137
17837 137
17838 137
17839 137
17840 137
17841 0
17842 0
17843 0
17844 0
17845 0
17846 137
17847 137
17848 137
17849 137
17850 137
17851 137
17852 137
17853 137
17854 137
17855 137
17856 0
17857 0
17858 0
17859 0
17860 0
17861 137
17862 137
17863 137
17864 137
17865 137
17866 137
17867 137
17868 137
17869 137
17870 137
17871 137
17872 137
17873 137
17874 137
17875 137
17876 137
17877 137
17878 137
17879 137
17880 137
17881 137
17882 137
17883 137
17884 137
17885 137
17886 137
17887 137
17888 137
17889 137
17890 137
17891 137
17892 137
17893 137
17894 137
17895 137
17896 137
17897 137
17898 137
17899 137
17900 137
17901 137
17902 137
17903 137
17904 137
17905 137
17906 137
17907 137
17908 137
17909 137
17910 137
17911 137
17912 137
17913 137
17914 137
17915 137
17916 137
17917 137
17918 137
17919 137
17920 137
17921 137
17922 137
17923 137
17924 137
17925 137
17926 137
17927 137
17928 137
17929 137
17930 137
17931 137
17932 137
17933 137
17934 137
17935 137
17936 137
17937 137
17938 137
17939 137
17940 137
17941 0
17942 0
17943 0
17944 0
17945 0
17946 137
17947 137
17948 137
17949 137
17950 137
17951 0
17952 0
17953 0
17954 0
17955 0
17956 137
17957 137
17958 137
17959 137
17960 137
17961 137
17962 137
17963 137
17964 137
17965 137
17966 137
17967 137
17968 137
17969 137
17970 137
17971 137
17972 137
17973 137
17974 137
17975 137
17976 137
17977 137
17978 137
17979 137
17980 137
17981 137
17982 137
17983 137
17984 137
17985 137
17986 137
17987 137
17988 137
17989 137
17990 137
17991 0
17992 0
17993 0
17994 0
17995 0
17996 137
17997 137
17998 137
17999 137
18000 137
18001 0
18002 0
18003 0
18004 0
18005 0
18006 137
18007 137
18008 137
18009 137
18010 137
18011 137
18012 137
18013 137
18014 137
18015 137
18016 0
18017 0
18018 0
18019 0
18020 0
18021 0
18022 0
18023 0
18024 0
18025 0
18026 0
18027 0
18028 0
18029 0
18030 0
18031 137
18032 137
18033 137
18034 137
18036 0
18037 0
18038 0
18039 0
18040 0
18041 0
18042 0
18043 0
18044 0
18045 0
18046 0
18047 0
18048 0
18049 0
18050 0
18051 137
18052 137
18053 137
18054 137
18055 137
18056 0
18057 0
18058 0
18059 0
18060 0
18061 0
18062 0
18063 0
18064 0
18065 0
18066 0
18067 0
18068 0
18069 0
18070 0
18071 0
18072 0
18073 0
18074 0
18075 0
18076 137
18077 137
18078 137
18079 137
18080 137
18081 137
18082 137
18083 137
18084 137
18085 137
18086 0
18087 0
18088 0
18089 0
18090 0
18091 137
18092 137
18093 137
18094 137
18095 137
18096 0
18097 0
18098 0
18099 0
18100 0
18101 137
18103 137
18104 137
18105 137
18106 0
18107 0
18108 0
18109 0
18110 0
18111 0
18112 0
18113 0
18114 0
18115 0
18116 0
18117 0
18118 0
18119 0
18120 0
18121 137
18122 137
18123 137
18124 137
18125 137
18126 137
18127 137
18128 137
18129 137
18130 137
18131 0
18132 0
18133 0
18134 0
18135 0
18136 0
18137 0
18138 0
18139 0
18140 0
18141 137
18142 137
18143 137
18144 137
18145 137
18146 0
18147 0
18148 0
18149 0
18150 0
18151 137
18152 137
18153 137
18154 137
18155 137
18156 0
18157 0
18158 0
18159 0
18160 0
18161 0
18162 0
18163 0
18164 0
18165 0
18166 0
18167 0
18168 0
18169 0
18170 0
18171 0
18172 0
18173 0
18174 0
18175 0
18176 0
18177 0
18178 0
18179 0
18180 0
18181 0
18182 0
18183 0
18184 0
18185 0
18186 0
18187 0
18188 0
18189 0
18190 0
18191 0
18192 0
18193 0
18194 0
18195 0
18196 0
18197 0
18198 0
18199 0
18200 0
18201 137
18202 137
18203 137
18204 137
18205 137
18206 0
18207 0
18208 0
18209 0
18210 0
18211 137
18212 137
18213 137
18214 137
18215 137
18216 0
18217 0
18218 0
18219 0
18220 0
18221 0
18222 0
18223 0
18224 0
18225 0
18226 137
18227 137
18228 137
18229 137
18230 137
18231 0
18232 0
18233 0
18234 0
18235 0
18236 0
18237 0
18238 0
18239 0
18240 0
18241 0
18242 0
18243 0
18244 0
18245 0
18246 137
18247 137
18248 137
18249 137
18250 0
18251 0
18252 0
18253 0
18254 0
18255 0
18256 137
18257 137
18258 137
18259 137
18260 137
18261 0
18262 0
18263 0
18264 0
18265 0
18266 0
18267 0
18268 0
18269 0
18270 0
18271 0
18272 0
18273 0
18274 0
18275 0
18276 0
18277 0
18278 0
18279 0
18280 0
18281 137
18282 137
18283 137
18284 137
18285 137
18286 0
18287 0
18288 0
18289 0
18290 0
18291 0
18292 0
18293 0
18294 0
18295 0
18296 137
18297 137
18298 137
18299 137
18300 137
18301 0
18302 0
18303 0
18304 0
18305 0
18306 0
18307 0
18308 0
18309 0
18310 0
18311 0
18312 0
18313 0
18314 137
18315 0
18316 0
18317 0
18318 0
18319 0
18320 0
18321 0
18322 0
18323 0
18324 0
18325 0
18326 0
18327 0
18328 0
18329 0
18330 0
18331 0
18332 0
18333 0
18334 0
18335 0
18336 0
18337 0
18338 0
18339 0
18340 0
18341 137
18342 137
18343 137
18344 137
18345 137
18346 137
18347 137
18348 137
18349 137
18350 137
18351 137
18352 137
18353 137
18354 137
18355 137
18356 0
18357 0
18358 0
18359 0
18360 0
18361 0
18362 0
18363 0
18364 0
18365 0
18366 0
18367 0
18368 0
18369 0
18370 0
18371 0
18372 0
18373 0
18374 0
18375 0
18376 0
18377 0
18378 0
18379 0
18380 0
18381 0
18382 0
18383 0
18384 0
18385 0
18386 0
18387 0
18388 0
18389 0
18390 0
18391 0
18392 0
18393 0
18394 0
18395 0
18396 0
18397 0
18398 0
18399 0
18400 0
18401 0
18402 0
18403 0
18404 0
18405 0
18406 0
18407 0
18408 0
18409 0
18410 0
18411 0
18412 0
18413 0
18414 0
18415 0
18416 0
18417 0
18418 0
18419 0
18420 0
18421 137
18422 137
18423 137
18424 137
18425 137
18426 137
18427 137
18428 137
18429 137
18430 137
18431 0
18432 0
18433 0
18434 0
18435 0
18436 0
18437 0
18438 0
18439 0
18440 0
18441 0
18442 0
18443 0
18444 0
18445 0
18446 0
18447 0
18448 0
18449 0
18450 0
18451 0
18452 0
18453 0
18454 0
18455 0
18456 0
18457 0
18458 0
18459 0
18460 0
18461 137
18462 137
18463 137
18464 137
18465 137
18466 137
18467 137
18468 137
18469 137
18470 137
18471 0
18472 0
18473 0
18474 0
18475 0
18476 137
18477 137
18478 137
18479 137
18480 137
18481 137
18482 137
18483 137
18484 137
18485 137
18486 137
18487 137
18488 137
18489 137
18490 137
18491 0
18492 0
18493 0
18494 0
18495 0
18496 0
18497 0
18498 0
18499 0
18500 0
18501 137
18502 137
18503 137
18504 137
18505 137
18506 0
18507 0
18508 0
18509 0
18510 0
18511 0
18512 0
18513 0
18514 0
18515 0
18516 0
18517 0
18518 0
18519 0
18520 0
18521 0
18522 0
18523 0
18524 0
18525 0
18526 0
18527 0
18528 0
18529 0
18530 0
18531 137
18532 137
18533 137
18534 137
18535 137
18536 137
18537 137
18538 137
18539 137
18540 137
18541 137
18542 137
18543 137
18544 137
18545 137
18546 0
18547 0
18548 0
18549 0
18550 0
18551 0
18552 0
18553 0
18554 0
18555 0
18556 0
18557 0
18558 0
18559 0
18560 0
18561 137
18562 137
18563 137
18564 137
18565 137
18566 0
18567 0
18568 0
18569 0
18570 0
18571 137
18572 137
18573 137
18574 137
18575 137
18576 0
18577 0
18578 0
18579 0
18580 0
18581 0
18582 0
18583 0
18584 0
18585 0
18586 0
18587 0
18588 0
18589 0
18590 0
18591 137
18592 137
18593 137
18594 137
18595 137
18596 137
18597 137
18598 137
18599 137
18600 137
18601 0
18602 0
18603 0
18604 0
18605 0
18606 0
18607 0
18608 0
18609 0
18610 0
18611 137
18612 137
18613 137
18614 137
18615 137
18616 0
18617 0
18618 0
18619 0
18620 0
18621 137
18622 137
18623 137
18624 137
18625 137
18626 0
18627 0
18628 0
18629 0
18630 0
18631 137
18632 137
18633 137
18634 137
18635 137
18636 0
18637 0
18638 0
18639 0
18640 0
18641 137
18642 137
18643 137
18644 137
18645 137
18646 137
18647 137
18648 137
18649 137
18650 137
18651 137
18652 137
18653 137
18654 137
18655 137
18656 0
18657 0
18658 0
18659 0
18660 0
18661 0
18662 0
18663 0
18664 0
18665 0
18666 0
18667 0
18668 0
18669 0
18670 0
18671 0
18672 0
18673 0
18674 0
18675 0
18676 0
18677 0
18678 0
18679 0
18680 0
18681 0
18682 0
18683 0
18684 0
18685 0
18686 0
18687 0
18688 0
18689 0
18690 0
18691 0
18692 0
18693 0
18694 0
18695 0
18696 0
18697 0
18698 0
18699 0
18700 0
18701 0
18702 0
18703 0
18704 0
18705 0
18706 0
18707 0
18708 0
18709 0
18710 0
18711 137
18712 137
18713 137
18714 137
18715 137
18716 0
18717 0
18718 0
18719 0
18720 0
18721 137
18722 137
18723 137
18724 137
18725 137
18726 137
18727 137
18728 137
18729 137
18730 137
18731 137
18732 137
18733 137
18734 137
18735 137
18736 0
18737 0
18738 0
18739 0
18740 0
18741 0
18742 0
18743 0
18744 0
18745 0
18746 0
18747 0
18748 0
18749 0
18750 0
18751 137
18752 137
18753 137
18754 137
18755 137
18756 0
18757 0
18758 0
18759 0
18760 0
18761 0
18762 0
18763 0
18764 0
18765 0
18766 0
18767 0
18768 0
18769 0
18770 0
18771 0
18772 0
18773 0
18774 0
18775 0
18776 0
18777 0
18778 0
18779 0
18780 0
18781 137
18782 137
18783 137
18784 137
18785 0
18786 0
18787 0
18788 0
18789 0
18790 0
18791 0
18792 0
18793 0
18794 0
18795 0
18796 0
18797 0
18798 0
18799 0
18800 0
18801 0
18802 0
18803 0
18804 0
18805 0
18806 137
18807 137
18808 137
18809 137
18810 137
18811 0
18812 0
18813 0
18814 0
18815 0
18816 0
18817 0
18818 0
18819 0
18820 0
18821 0
18822 0
18823 0
18824 0
18825 0
18826 0
18827 0
18828 0
18829 0
18830 0
18831 137
18832 137
18833 137
18834 137
18835 137
18836 0
18837 0
18838 0
18839 0
18840 0
18841 0
18842 0
18843 0
18844 0
18845 0
18846 0
18847 0
18848 0
18849 0
18850 0
18851 0
18852 0
18853 0
18854 0
18855 0
18856 0
18857 0
18858 0
18859 0
18860 0
18861 0
18862 0
18863 0
18864 0
18865 0
18866 0
18867 0
18868 0
18869 0
18870 0
18871 0
18872 0
18873 0
18874 0
18875 0
18876 0
18877 0
18878 0
18879 0
18880 0
18881 0
18882 0
18883 0
18884 0
18885 0
18886 0
18887 0
18888 0
18889 0
18890 0
18891 0
18892 0
18893 0
18894 0
18895 0
18896 0
18897 0
18898 0
18899 0
18900 0
18901 0
18902 0
18903 0
18904 0
18905 0
18906 137
18907 137
18908 137
18909 137
18910 137
18911 137
18912 137
18913 137
18914 137
18915 137
18916 137
18917 137
18918 137
18919 137
18920 137
18921 0
18922 0
18923 0
18924 0
18925 0
18926 137
18927 137
18928 137
18929 137
18930 137
18931 0
18932 0
18933 0
18934 0
18935 0
18936 137
18937 137
18938 137
18939 137
18940 137
18941 0
18942 0
18943 0
18944 0
18945 0
18946 137
18947 137
18948 137
18949 137
18950 137
18951 0
18952 0
18953 0
18954 0
18955 0
18956 0
18957 0
18958 0
18959 0
18960 0
18961 137
18962 137
18963 137
18964 137
18965 137
18966 0
18967 0
18968 0
18969 0
18970 0
18971 0
18972 0
18973 0
18974 0
18975 0
18976 0
18977 0
18978 0
18979 0
18980 0
18981 0
18982 0
18983 0
18984 0
18985 0
18986 0
18987 0
18988 0
18989 0
18990 0
18991 0
18992 0
18993 0
18994 0
18995 0
18996 137
18997 137
18998 137
18999 137
19000 137
19001 137
19002 137
19003 137
19004 137
19005 137
19006 137
19007 137
19008 137
19009 137
19010 137
19011 137
19012 137
19013 137
19014 137
19015 137
19016 0
19017 0
19018 0
19019 0
19020 0
19021 0
19022 0
19023 0
19024 0
19025 0
19026 0
19027 0
19028 0
19029 0
19030 0
19031 137
19032 137
19033 137
19034 137
19035 137
19036 137
19037 137
19038 137
19039 137
19040 137
19041 0
19042 0
19043 0
19044 0
19045 0
19046 0
19047 0
19048 0
19049 0
19050 0
19051 137
19052 137
19053 137
19054 137
19055 137
19056 0
19057 0
19058 0
19059 0
19060 0
19061 137
19062 137
19063 137
19064 137
19065 137
19066 0
19067 0
19068 0
19069 0
19070 0
19071 137
19072 137
19073 137
19074 137
19075 137
19076 137
19077 137
19078 137
19079 137
19080 137
19081 137
19082 137
19083 137
19084 137
19085 137
19086 0
19087 0
19088 0
19089 0
19090 0
19091 137
19092 137
19093 137
19094 137
19095 137
19096 137
19097 137
19098 137
19099 137
19100 137
19101 137
19102 137
19103 137
19104 137
19105 137
19106 0
19107 0
19108 0
19109 0
19110 0
19111 0
19112 0
19113 0
19114 0
19115 0
19116 0
19117 0
19118 0
19119 0
19120 0
19121 137
19122 137
19123 137
19124 137
19125 137
19126 137
19127 137
19128 137
19129 137
19130 137
19131 0
19132 0
19133 0
19134 0
19135 0
19136 0
19137 0
19138 0
19139 0
19140 0
19141 137
19142 137
19143 137
19144 137
19145 137
19146 137
19147 137
19148 137
19149 137
19150 137
19151 137
19152 137
19153 137
19154 137
19155 137
19156 0
19157 0
19158 0
19159 0
19160 0
19161 0
19162 0
19163 0
19164 0
19165 0
19166 137
19167 137
19168 137
19169 137
19170 137
19171 0
19172 0
19173 0
19174 0
19175 0
19176 0
19177 0
19178 0
19179 0
19180 0
19181 0
19182 0
19183 0
19184 0
19185 0
19186 0
19187 0
19188 0
19189 0
19190 0
19191 0
19192 0
19193 0
19194 0
19195 0
19196 0
19197 0
19198 0
19199 0
19200 0
19201 137
19202 137
19203 137
19204 137
19205 137
19206 0
19207 0
19208 0
19209 0
19210 0
19211 137
19212 137
19213 137
19214 137
19215 137
19216 0
19217 0
19218 0
19219 0
19220 0
19221 0
19222 0
19223 0
19224 0
19225 0
19226 137
19227 137
19228 137
19229 137
19230 137
19231 0
19232 0
19233 0
19234 0
19235 0
19236 0
19237 0
19238 0
19239 0
19240 0
19241 0
19242 0
19243 0
19244 0
19245 0
19246 137
19247 137
19248 137
19249 137
19250 137
19251 0
19252 0
19253 0
19254 0
19255 0
19256 137
19257 137
19258 137
19259 137
19260 137
19261 0
19262 0
19263 0
19264 0
19265 0
19266 137
19267 137
19268 137
19269 137
19270 137
19271 0
19272 0
19273 0
19274 0
19275 0
19276 0
19277 0
19278 0
19279 0
19280 0
19281 137
19282 137
19283 137
19284 137
19285 137
19286 0
19287 0
19288 0
19289 0
19290 0
19291 0
19292 0
19293 0
19294 0
19295 0
19296 137
19297 137
19298 137
19299 137
19300 137
19301 0
19302 0
19303 0
19304 0
19305 0
19306 0
19307 0
19308 0
19309 0
19310 0
19311 137
19312 137
19313 137
19314 137
19315 137
19316 0
19317 0
19318 0
19319 0
19320 0
19321 137
19322 137
19323 137
19324 137
19325 137
19326 0
19327 0
19328 0
19329 0
19330 0
19331 0
19332 0
19333 0
19334 0
19335 0
19336 0
19337 0
19338 0
19339 0
19340 0
19341 137
19342 137
19343 137
19344 137
19345 137
19346 137
19347 137
19348 137
19349 137
19350 137
19351 137
19352 137
19353 137
19354 137
19355 137
19356 137
19357 137
19358 137
19359 137
19360 137
19361 0
19362 0
19363 0
19364 0
19365 0
19366 0
19367 0
19368 0
19369 0
19370 0
19371 0
19372 0
19373 0
19374 0
19375 0
19376 0
19377 0
19378 0
19379 0
19380 0
19381 0
19382 0
19383 0
19384 0
19385 0
19386 0
19387 0
19388 0
19389 0
19390 0
19391 0
19392 0
19393 0
19394 0
19395 0
19396 0
19397 0
19398 0
19399 0
19400 0
19401 0
19402 0
19403 0
19404 0
19405 0
19406 137
19407 137
19408 137
19409 137
19410 137
19411 0
19412 0
19413 0
19414 0
19415 0
19416 0
19417 0
19418 0
19419 0
19420 0
19421 137
19422 137
19423 137
19424 137
19425 137
19426 137
19427 137
19428 137
19429 137
19430 137
19431 0
19432 0
19433 0
19434 0
19435 0
19436 0
19437 0
19438 0
19439 0
19440 0
19441 0
19442 0
19443 0
19444 0
19445 0
19446 0
19447 0
19448 0
19449 0
19450 0
19451 0
19452 0
19453 0
19454 0
19455 0
19456 0
19457 0
19458 0
19459 0
19460 0
19461 137
19462 137
19463 137
19464 137
19465 137
19466 137
19467 137
19468 137
19469 137
19470 137
19471 0
19472 0
19473 0
19474 0
19475 0
19476 137
19477 137
19478 137
19479 137
19480 137
19481 137
19482 137
19483 137
19484 137
19485 137
19486 137
19487 137
19488 137
19489 137
19490 137
19491 137
19492 137
19493 137
19494 137
19495 137
19496 0
19497 0
19498 0
19499 0
19500 0
19501 137
19502 137
19503 137
19504 137
19505 137
19506 0
19507 0
19508 0
19509 0
19510 0
19511 0
19512 0
19513 0
19514 0
19515 0
19516 137
19517 137
19518 137
19519 137
19520 137
19521 0
19522 0
19523 0
19524 0
19525 0
19526 0
19527 0
19528 0
19529 0
19530 0
19531 137
19532 137
19533 137
19534 137
19535 137
19536 137
19537 137
19538 137
19539 137
19540 137
19541 137
19542 137
19543 137
19544 137
19545 137
19546 0
19547 0
19548 0
19549 0
19550 0
19551 0
19552 0
19553 0
19554 0
19555 0
19556 0
19557 0
19558 0
19559 0
19560 0
19561 137
19562 137
19563 137
19564 137
19565 137
19566 0
19567 0
19568 0
19569 0
19570 0
19571 137
19572 137
19573 137
19574 137
19575 137
19576 0
19577 0
19578 0
19579 0
19580 0
19581 137
19582 137
19583 137
19584 137
19585 137
19586 0
19587 0
19588 0
19589 0
19590 0
19591 137
19592 137
19593 137
19594 137
19595 137
19596 137
19597 137
19598 137
19599 137
19600 137
19601 0
19602 0
19603 0
19604 0
19605 0
19606 0
19607 0
19608 0
19609 0
19610 0
19611 137
19612 137
19613 137
19614 137
19615 137
19616 0
19617 0
19618 0
19619 0
19620 0
19621 137
19622 137
19623 137
19624 137
19625 137
19626 0
19627 0
19628 0
19629 0
19630 0
19631 137
19632 137
19633 137
19634 137
19635 137
19636 137
19637 137
19638 137
19639 137
19640 137
19641 137
19642 137
19643 137
19644 137
19645 137
19646 137
19647 137
19648 137
19649 137
19650 137
19651 137
19652 137
19653 137
19654 137
19655 137
19656 0
19657 0
19658 0
19659 0
19660 0
19661 0
19662 0
19663 0
19664 0
19665 0
19666 0
19667 0
19668 0
19669 0
19670 0
19671 0
19672 0
19673 0
19674 0
19675 0
19676 0
19677 0
19678 0
19679 0
19680 0
19681 0
19682 0
19683 0
19684 0
19685 0
19686 0
19687 0
19688 0
19689 0
19690 0
19691 137
19692 137
19693 137
19694 137
19695 137
19696 0
19697 0
19698 0
19699 0
19700 0
19701 0
19702 0
19703 0
19704 0
19705 0
19706 0
19707 0
19708 0
19709 0
19710 0
19711 137
19712 137
19713 137
19714 137
19715 137
19716 0
19717 0
19718 0
19719 0
19720 0
19721 137
19722 137
19723 137
19724 137
19725 137
19726 137
19727 137
19728 137
19729 137
19730 137
19731 137
19732 137
19733 137
19734 137
19735 137
19736 0
19737 0
19738 0
19739 0
19740 0
19741 0
19742 0
19743 0
19744 0
19745 0
19746 0
19747 0
19748 0
19749 0
19750 0
19751 137
19752 137
19753 137
19754 137
19755 137
19756 0
19757 0
19758 0
19759 0
19760 0
19761 0
19762 0
19763 0
19764 0
19765 0
19766 0
19767 0
19768 0
19769 0
19770 0
19771 0
19772 0
19773 0
19774 0
19775 0
19776 137
19777 137
19778 137
19779 137
19780 137
19781 137
19782 137
19783 137
19784 137
19785 137
19786 0
19787 0
19788 0
19789 0
19790 0
19791 0
19792 0
19793 0
19794 0
19795 0
19796 0
19797 0
19798 0
19799 0
19800 0
19801 137
19802 137
19803 137
19804 137
19805 137
19806 137
19807 137
19808 137
19809 137
19810 137
19811 0
19812 0
19813 0
19814 0
19815 0
19816 0
19817 0
19818 0
19819 0
19820 0
19821 0
19822 0
19823 0
19824 0
19825 0
19826 0
19827 0
19828 0
19829 0
19830 0
19831 137
19832 137
19833 137
19834 137
19835 137
19836 0
19837 137
19838 0
19839 137
19840 137
19841 0
19842 0
19843 0
19844 0
19845 0
19846 0
19847 0
19848 0
19849 0
19850 0
19851 0
19852 0
19853 0
19854 0
19855 0
19856 0
19857 0
19858 0
19859 0
19860 0
19861 0
19862 0
19863 0
19864 0
19865 0
19866 0
19867 0
19868 0
19869 0
19870 0
19871 0
19872 0
19873 0
19874 0
19875 0
19876 0
19877 0
19878 0
19879 0
19880 0
19881 137
19882 137
19883 137
19884 137
19885 137
19886 0
19887 0
19888 0
19889 0
19890 0
19891 137
19892 137
19893 137
19894 137
19895 137
19896 0
19897 0
19898 0
19899 0
19900 0
19901 0
19902 0
19903 0
19904 0
19905 0
19906 137
19907 137
19908 137
19909 137
19910 137
19911 137
19912 137
19913 137
19914 137
19915 137
19916 137
19917 137
19918 137
19919 137
19920 137
19921 0
19922 0
19923 0
19924 0
19925 0
19926 137
19927 137
19928 137
19929 137
19930 137
19931 0
19932 0
19933 0
19934 0
19935 0
19936 137
19937 137
19938 137
19939 137
19940 137
19941 0
19942 0
19943 0
19944 0
19945 0
19946 137
19947 137
19948 137
19949 137
19950 137
19951 0
19952 0
19953 0
19954 0
19955 0
19956 0
19957 0
19958 0
19959 0
19960 0
19961 137
19962 137
19963 137
19964 137
19965 137
19966 137
19967 137
19968 137
19969 137
19970 137
19971 0
19972 0
19973 0
19974 0
19975 0
19976 0
19977 0
19978 0
19979 0
19980 0
19981 0
19982 0
19983 0
19984 0
19985 0
19986 0
19987 0
19988 0
19989 0
19990 0
19991 0
19992 0
19993 0
19994 0
19995 0
19996 137
19997 137
19998 137
19999 137
20000 137
20001 137
20002 137
20003 137
20004 137
20005 137
20006 137
20007 137
20008 137
20009 137
20010 137
20011 137
20012 137
20013 137
20014 137
20015 137
20016 0
20017 0
20018 0
20019 0
20020 0
20021 137
20022 137
20023 137
20024 137
20025 137
20026 137
20027 137
20028 137
20029 137
20030 137
20031 137
20032 137
20033 137
20034 137
20035 137
20036 137
20037 137
20038 137
20039 137
20040 137
20041 137
20042 137
20043 137
20044 137
20045 137
20046 0
20047 0
20048 0
20049 0
20050 0
20051 137
20052 137
20053 137
20054 137
20055 137
20056 0
20057 0
20058 0
20059 0
20060 0
20061 137
20062 137
20063 137
20064 137
20065 137
20066 0
20067 0
20068 0
20069 0
20070 0
20071 137
20072 137
20073 137
20074 137
20075 137
20076 137
20077 137
20078 137
20079 137
20080 137
20081 137
20083 137
20084 137
20085 137
20086 0
20087 0
20088 0
20089 0
20090 0
20091 137
20092 137
20093 137
20094 137
20095 137
20096 137
20097 137
20098 137
20099 137
20100 137
20101 137
20102 137
20103 137
20104 137
20105 137
20106 137
20107 137
20108 137
20109 137
20110 137
20111 137
20112 137
20113 137
20114 137
20115 137
20116 0
20117 0
20118 0
20119 0
20120 0
20121 137
20122 137
20123 137
20124 137
20126 137
20127 137
20128 137
20129 137
20130 137
20131 137
20132 137
20133 137
20134 137
20135 137
20136 0
20137 0
20138 0
20139 0
20140 0
20141 137
20142 137
20143 137
20144 137
20145 137
20146 137
20147 137
20148 137
20149 137
20150 137
20151 137
20152 137
20153 137
20154 137
20155 137
20156 0
20157 0
20158 0
20159 0
20160 0
20161 0
20162 0
20163 0
20164 0
20165 0
20166 137
20167 137
20168 137
20169 137
20170 137
20171 137
20172 137
20173 137
20174 137
20175 137
20176 0
20177 0
20178 0
20179 0
20180 0
20181 137
20182 137
20184 137
20185 137
20186 0
20187 0
20188 0
20189 0
20190 0
20191 0
20192 0
20193 0
20194 0
20195 0
20196 137
20197 137
20198 137
20199 137
20200 137
20201 137
20202 137
20203 137
20204 137
20205 137
20206 0
20207 0
20208 0
20209 0
20210 0
20211 137
20212 137
20213 137
20214 137
20215 137
20216 0
20217 0
20218 0
20219 0
20220 0
20221 0
20222 0
20223 0
20224 0
20225 0
20226 137
20227 137
20228 137
20229 137
20230 137
20231 0
20232 0
20233 0
20234 0
20235 0
20236 0
20237 0
20238 0
20239 0
20240 0
20241 0
20242 0
20243 0
20244 0
20245 0
20246 137
20247 137
20248 137
20249 137
20250 137
20251 137
20252 137
20253 137
20254 137
20255 137
20256 137
20257 137
20258 137
20259 137
20260 137
20261 0
20262 0
20263 0
20264 0
20265 0
20268 137
20269 137
20270 137
20271 0
20272 0
20273 0
20274 0
20275 0
20276 137
20277 137
20278 137
20279 137
20280 137
20281 137
20282 137
20283 137
20284 137
20285 137
20286 0
20287 0
20288 0
20289 0
20290 0
20291 137
20292 137
20293 137
20294 137
20295 137
20296 137
20297 137
20298 137
20299 137
20300 137
20301 0
20302 0
20303 0
20304 0
20305 0
20306 0
20307 0
20308 0
20309 0
20310 0
20311 137
20312 137
20313 137
20314 137
20315 137
20316 137
20317 137
20318 137
20319 137
20320 137
20321 137
20322 137
20323 137
20324 137
20325 137
20326 137
20327 137
20328 137
20329 137
20330 137
20331 0
20332 0
20333 0
20334 0
20335 0
20336 137
20337 137
20338 137
20339 137
20340 137
20341 137
20342 137
20343 137
20344 137
20345 137
20346 137
20347 137
20348 137
20349 137
20350 137
20351 137
20352 137
20353 137
20354 137
20355 137
20356 137
20357 137
20358 137
20359 137
20360 137
20361 0
20362 0
20363 0
20364 0
20365 0
20366 137
20367 137
20368 137
20369 137
20370 137
20371 0
20372 0
20373 0
20374 0
20375 0
20376 137
20377 137
20378 137
20379 137
20380 137
20381 137
20382 137
20383 137
20384 137
20386 0
20387 0
20388 0
20389 0
20390 0
20391 0
20392 0
20393 0
20394 0
20395 0
20396 0
20397 0
20398 0
20399 0
20400 0
20401 0
20402 0
20403 0
20404 0
20405 0
20406 137
20407 137
20408 137
20409 137
20410 137
20411 0
20412 0
20413 0
20414 0
20415 0
20416 0
20417 0
20418 0
20419 0
20420 0
20421 137
20422 137
20423 137
20424 137
20425 137
20426 137
20427 137
20428 137
20429 137
20430 137
20431 0
20432 0
20433 0
20434 0
20435 0
20436 0
20437 0
20438 0
20439 0
20440 0
20441 0
20442 0
20443 0
20444 0
20445 0
20446 0
20447 0
20448 0
20449 0
20450 0
20451 0
20452 0
20453 0
20454 0
20455 0
20456 137
20457 137
20458 137
20459 137
20460 137
20461 137
20462 137
20463 137
20464 137
20465 137
20466 137
20467 137
20468 137
20469 137
20470 137
20471 0
20472 0
20473 0
20474 0
20475 0
20476 137
20477 137
20478 137
20479 137
20480 137
20481 137
20482 137
20483 137
20484 137
20485 137
20486 137
20488 137
20489 137
20490 137
20491 137
20492 137
20493 137
20494 137
20495 137
20496 0
20497 0
20498 0
20499 0
20500 0
20501 137
20502 137
20503 137
20504 137
20505 137
20506 0
20507 0
20508 0
20509 0
20510 0
20511 0
20512 0
20513 0
20514 0
20515 0
20516 137
20517 137
20518 137
20519 137
20520 137
20521 0
20522 0
20523 0
20524 0
20525 0
20526 137
20527 137
20528 137
20529 137
20530 137
20532 137
20533 137
20534 137
20535 137
20536 137
20537 137
20539 137
20540 137
20541 137
20542 137
20543 137
20544 137
20545 137
20546 0
20547 0
20548 0
20549 0
20550 0
20551 137
20552 137
20553 137
20554 137
20555 137
20556 137
20557 137
20558 137
20559 137
20560 137
20561 137
20562 137
20563 137
20564 137
20565 137
20566 0
20567 0
20568 0
20569 0
20570 0
20571 137
20572 137
20573 137
20575 137
20576 0
20577 0
20578 0
20579 0
20580 0
20581 137
20582 137
20583 137
20584 137
20585 137
20586 0
20587 0
20588 0
20589 0
20590 0
20591 137
20592 137
20593 137
20594 137
20595 137
20596 137
20597 137
20598 137
20599 137
20600 137
20601 0
20602 0
20603 0
20604 0
20605 0
20606 0
20607 0
20608 0
20609 0
20610 0
20611 137
20612 137
20613 137
20614 137
20615 137
20616 0
20617 0
20618 0
20619 0
20620 0
20621 137
20622 137
20623 137
20624 137
20626 0
20627 0
20628 0
20629 0
20630 0
20631 137
20632 137
20633 137
20634 137
20635 137
20636 137
20637 137
20638 137
20639 137
20640 137
20641 137
20642 137
20643 137
20645 137
20646 137
20647 137
20648 137
20649 137
20650 137
20651 137
20652 137
20653 137
20654 137
20655 137
20656 0
20657 0
20658 0
20659 0
20660 0
20661 0
20662 0
20663 0
20664 0
20665 0
20666 137
20667 137
20668 137
20669 137
20670 137
20671 0
20672 0
20673 0
20674 0
20675 0
20676 0
20677 0
20678 0
20679 0
20680 0
20681 0
20682 0
20683 0
20684 0
20685 0
20686 137
20687 137
20688 137
20689 137
20690 137
20691 137
20692 137
20693 137
20695 137
20696 0
20697 0
20698 0
20699 0
20700 0
20701 137
20702 137
20703 137
20704 137
20705 137
20706 0
20707 0
20708 0
20709 0
20710 0
20711 137
20712 137
20713 137
20714 137
20715 137
20716 0
20717 0
20718 0
20719 0
20720 0
20721 137
20722 137
20723 137
20724 137
20725 137
20726 137
20727 137
20728 137
20729 137
20730 137
20731 137
20732 137
20733 137
20734 137
20735 137
20736 0
20737 0
20738 0
20739 0
20740 0
20741 0
20742 0
20743 0
20744 0
20745 0
20746 0
20747 0
20748 0
20749 0
20750 0
20751 137
20752 137
20753 137
20754 137
20755 137
20756 0
20757 0
20758 0
20759 0
20760 0
20761 0
20762 0
20763 0
20764 0
20765 0
20766 0
20767 0
20768 0
20769 0
20770 0
20771 137
20772 137
20773 137
20774 137
20775 137
20776 137
20777 137
20778 137
20779 137
20780 137
20781 137
20782 137
20783 137
20784 137
20785 137
20786 0
20787 0
20788 0
20789 0
20790 0
20791 0
20792 0
20793 0
20794 0
20795 0
20796 137
20797 137
20798 137
20799 137
20800 137
20801 137
20802 137
20803 137
20804 137
20805 137
20806 137
20807 137
20808 137
20809 137
20810 137
20811 137
20812 137
20813 137
20814 137
20815 137
20816 137
20817 137
20818 137
20819 137
20820 137
20821 0
20822 0
20823 0
20824 0
20825 0
20826 137
20827 137
20828 137
20829 137
20830 137
20831 137
20832 137
20833 137
20834 137
20835 137
20836 137
20837 137
20838 137
20839 137
20840 137
20841 0
20842 0
20843 0
20844 0
20845 0
20846 137
20847 137
20848 137
20849 137
20850 137
20851 137
20852 137
20853 137
20854 137
20855 137
20856 0
20857 0
20858 0
20859 0
20860 0
20861 0
20862 0
20863 0
20864 0
20865 0
20866 0
20867 0
20868 0
20869 0
20870 0
20871 137
20872 137
20873 137
20874 137
20875 137
20876 137
20877 137
20878 137
20879 137
20880 137
20881 137
20882 137
20883 137
20884 137
20885 137
20886 137
20887 137
20889 137
20890 137
20891 137
20892 137
20893 137
20894 137
20895 137
20896 0
20897 0
20898 0
20899 0
20900 0
20901 137
20902 137
20903 137
20904 137
20905 137
20906 137
20907 137
20908 137
20909 137
20910 137
20911 137
20912 137
20913 137
20914 137
20915 137
20916 137
20917 137
20918 137
20919 137
20920 137
20921 0
20922 0
20923 0
20924 0
20925 0
20926 137
20927 137
20928 137
20929 137
20930 137
20931 0
20932 0
20933 0
20934 0
20935 0
20936 137
20937 137
20938 137
20939 137
20940 137
20941 0
20942 0
20943 0
20944 0
20945 0
20946 137
20947 137
20948 137
20949 137
20950 137
20951 0
20952 0
20953 0
20954 0
20955 0
20956 0
20957 0
20958 0
20959 0
20960 0
20961 137
20962 137
20963 137
20964 137
20965 137
20966 137
20967 137
20968 137
20969 137
20970 137
20971 0
20972 0
20973 0
20974 0
20975 0
20976 0
20977 0
20978 0
20979 0
20980 0
20981 0
20982 0
20983 0
20984 0
20985 0
20986 0
20987 0
20988 0
20989 0
20990 0
20991 0
20992 0
20993 0
20994 0
20995 0
20996 137
20997 137
20998 137
20999 137
21000 137
21001 137
21002 137
21003 137
21004 137
21005 137
21006 137
21007 137
21008 137
21009 137
21010 137
21011 137
21012 137
21013 137
21014 137
21015 137
21016 137
21017 137
21018 137
21019 137
21020 137
21021 137
21022 137
21023 137
21024 137
21025 137
21026 137
21027 137
21028 137
21029 137
21030 137
21031 137
21032 137
21033 137
21034 137
21035 137
21036 137
21037 137
21038 137
21040 137
21041 137
21042 137
21043 137
21044 137
21045 137
21046 137
21048 137
21049 137
21050 137
21051 137
21052 137
21053 137
21054 137
21055 137
21056 0
21057 0
21058 0
21059 0
21060 0
21061 137
21062 137
21063 137
21064 137
21065 137
21066 0
21067 0
21068 0
21069 0
21070 0
21071 137
21072 137
21073 137
21074 137
21075 137
21076 137
21077 137
21078 137
21079 137
21080 137
21081 137
21082 137
21083 137
21084 137
21085 137
21086 0
21087 0
21088 0
21089 0
21090 0
21091 137
21092 137
21093 137
21094 137
21095 137
21096 137
21097 137
21098 137
21099 137
21100 137
21101 137
21102 137
21103 137
21104 137
21105 137
21106 137
21107 137
21108 137
21109 137
21110 137
21111 137
21112 137
21113 137
21114 137
21115 137
21116 137
21117 137
21118 137
21119 137
21120 137
21121 137
21122 137
21123 137
21124 137
21125 137
21126 137
21127 137
21128 137
21129 137
21130 137
21131 137
21132 137
21133 137
21134 137
21135 137
21136 137
21137 137
21138 137
21139 137
21140 137
21141 137
21142 137
21143 137
21144 137
21145 137
21146 137
21147 137
21148 137
21149 137
21150 137
21151 137
21152 137
21153 137
21154 137
21156 0
21157 0
21158 0
21159 0
21160 0
21162 137
21163 137
21164 137
21165 137
21166 137
21167 137
21168 137
21169 137
21170 137
21171 137
21172 137
21173 137
21174 137
21175 137
21176 0
21177 0
21178 0
21179 0
21180 0
21181 137
21182 137
21183 137
21184 137
21185 137
21186 0
21187 0
21188 0
21189 0
21190 0
21191 0
21192 0
21193 0
21194 0
21195 0
21196 137
21197 137
21198 137
21199 137
21200 137
21201 137
21202 137
21203 137
21204 137
21205 137
21206 0
21207 0
21208 0
21209 0
21210 0
21211 137
21212 137
21213 137
21214 137
21215 137
21216 0
21217 0
21218 0
21219 0
21220 0
21221 0
21222 0
21223 0
21224 0
21225 0
21226 137
21227 137
21228 137
21229 137
21230 137
21231 137
21232 137
21233 137
21234 137
21235 137
21236 0
21237 0
21238 0
21239 0
21240 0
21241 137
21242 137
21243 137
21244 137
21245 137
21246 137
21247 137
21248 137
21249 137
21250 137
21251 137
21252 137
21253 137
21254 137
21255 137
21256 137
21257 137
21258 137
21259 137
21260 137
21261 0
21262 0
21263 0
21264 0
21265 0
21266 137
21267 137
21268 137
21269 137
21270 137
21271 0
21272 0
21273 0
21274 0
21275 0
21277 137
21278 137
21279 137
21280 137
21281 137
21282 137
21283 137
21284 137
21285 137
21286 0
21287 0
21288 0
21289 0
21290 0
21291 137
21292 137
21293 137
21294 137
21295 137
21296 137
21297 137
21298 137
21299 137
21300 137
21301 0
21302 0
21303 0
21304 0
21305 0
21306 137
21307 137
21308 137
21309 137
21310 137
21311 137
21312 137
21313 137
21314 137
21315 137
21316 137
21317 137
21318 137
21319 137
21320 137
21321 137
21322 137
21324 137
21325 137
21326 137
21327 137
21328 137
21329 137
21330 137
21331 137
21332 137
21333 137
21334 137
21335 137
21336 137
21337 137
21339 137
21340 137
21341 137
21342 137
21343 137
21344 137
21345 137
21346 137
21347 137
21348 137
21349 137
21350 137
21351 137
21352 137
21353 137
21354 137
21355 137
21356 137
21357 137
21358 137
21359 137
21360 137
21361 137
21362 137
21363 137
21364 137
21365 137
21366 137
21367 137
21368 137
21369 137
21370 137
21371 0
21372 0
21373 0
21374 0
21375 0
21376 137
21377 137
21378 137
21379 137
21380 137
21381 137
21382 137
21383 137
21384 137
21385 137
21386 0
21387 0
21388 0
21389 0
21390 0
21391 0
21392 0
21393 0
21394 0
21395 0
21396 0
21397 0
21398 0
21399 0
21400 0
21401 137
21402 137
21403 137
21404 137
21405 137
21406 137
21407 137
21408 137
21409 137
21411 0
21412 0
21413 0
21414 0
21415 0
21416 0
21417 0
21418 0
21419 0
21420 0
21421 137
21422 137
21423 137
21424 137
21425 137
21426 137
21427 137
21428 137
21429 137
21430 137
21431 0
21432 0
21433 0
21434 0
21435 0
21436 137
21437 137
21438 137
21439 137
21440 137
21441 137
21442 137
21443 137
21444 137
21445 137
21446 0
21447 0
21448 0
21449 0
21450 0
21451 0
21452 0
21453 0
21454 0
21455 0
21456 137
21457 137
21458 137
21459 137
21460 137
21461 137
21462 137
21463 137
21464 137
21466 137
21467 137
21468 137
21469 137
21470 137
21471 137
21472 137
21473 137
21474 137
21475 137
21476 137
21477 137
21478 137
21479 137
21480 137
21481 137
21482 137
21483 137
21484 137
21485 137
21486 137
21487 137
21489 137
21490 137
21491 137
21493 137
21494 137
21495 137
21496 137
21497 137
21498 137
21499 137
21500 137
21501 137
21502 137
21503 137
21504 137
21505 137
21506 0
21507 0
21508 0
21509 0
21510 0
21511 0
21512 0
21513 0
21514 0
21515 0
21516 137
21517 137
21518 137
21519 137
21520 137
21521 0
21522 0
21523 0
21524 0
21525 0
21526 137
21527 137
21528 137
21529 137
21531 137
21532 137
21533 137
21534 137
21535 137
21536 137
21537 137
21538 137
21539 137
21540 137
21541 137
21542 137
21543 137
21544 137
21545 137
21546 137
21547 137
21548 137
21549 137
21551 137
21552 137
21553 137
21554 137
21555 137
21556 137
21557 137
21558 137
21559 137
21560 137
21561 137
21562 137
21563 137
21564 137
21565 137
21566 0
21567 0
21568 0
21569 0
21570 0
21571 137
21572 137
21573 137
21574 137
21575 137
21576 0
21577 0
21578 0
21579 0
21580 0
21581 137
21582 137
21583 137
21584 137
21585 137
21586 0
21587 0
21588 0
21589 0
21590 0
21591 137
21592 137
21594 137
21595 137
21596 137
21597 137
21598 137
21599 137
21600 137
21601 0
21602 0
21603 0
21604 0
21605 0
21606 0
21607 0
21608 0
21609 0
21610 0
21611 137
21612 137
21613 137
21614 137
21615 137
21616 0
21617 0
21618 0
21619 0
21620 0
21621 137
21622 137
21623 137
21624 137
21625 137
21626 0
21627 0
21628 0
21629 0
21630 0
21631 137
21632 137
21633 137
21634 137
21635 137
21636 137
21637 137
21638 137
21639 137
21640 137
21641 137
21642 137
21643 137
21644 137
21645 137
21646 137
21647 137
21648 137
21649 137
21650 137
21651 137
21652 137
21653 137
21654 137
21655 137
21656 0
21657 0
21658 0
21659 0
21660 0
21661 0
21662 0
21663 0
21664 0
21665 0
21666 137
21667 137
21668 137
21669 137
21670 137
21671 137
21672 137
21673 137
21674 137
21675 137
21676 0
21677 0
21678 0
21679 0
21680 0
21681 0
21682 0
21683 0
21684 0
21685 0
21686 137
21687 137
21688 137
21689 137
21690 137
21691 137
21692 137
21693 137
21694 137
21695 137
21696 0
21697 0
21698 0
21699 0
21700 0
21701 137
21702 137
21703 137
21704 137
21705 137
21706 0
21707 0
21708 0
21709 0
21710 0
21711 137
21712 137
21713 137
21714 137
21715 137
21716 0
21717 0
21718 0
21719 0
21720 0
21721 137
21722 137
21723 137
21724 137
21725 137
21726 137
21727 137
21728 137
21729 137
21730 137
21731 137
21732 137
21733 137
21734 137
21735 137
21736 0
21737 0
21738 0
21739 0
21740 0
21741 0
21742 0
21743 0
21744 0
21745 0
21746 0
21747 0
21748 0
21749 0
21750 0
21751 137
21752 137
21753 137
21754 137
21755 137
21756 137
21757 137
21758 137
21759 137
21760 137
21761 0
21762 0
21763 0
21764 0
21765 0
21766 0
21767 0
21768 0
21769 0
21770 0
21771 137
21772 137
21773 137
21774 137
21775 137
21776 137
21777 137
21778 137
21779 137
21780 137
21781 137
21783 137
21784 137
21785 137
21786 0
21787 0
21788 0
21789 0
21790 0
21791 0
21792 0
21793 0
21794 0
21795 0
21796 137
21797 137
21798 137
21799 137
21800 137
21801 137
21802 137
21803 137
21805 137
21806 137
21807 137
21808 137
21809 137
21810 137
21811 137
21812 137
21813 137
21814 137
21815 137
21816 137
21817 137
21818 137
21819 137
21820 137
21821 0
21822 0
21823 0
21824 0
21825 0
21826 137
21827 137
21828 137
21829 137
21830 137
21831 137
21832 137
21833 137
21834 137
21835 137
21836 137
21837 137
21838 137
21839 137
21840 137
21841 0
21842 0
21843 0
21844 0
21845 0
21846 137
21847 137
21848 137
21849 137
21850 137
21851 137
21852 137
21853 137
21854 137
21855 137
21856 0
21857 0
21858 0
21859 0
21860 0
21861 137
21862 137
21863 137
21864 137
21865 137
21866 137
21867 137
21868 137
21869 137
21870 137
21871 137
21872 137
21873 137
21874 137
21875 137
21876 137
21877 137
21878 137
21879 137
21880 137
21881 137
21882 137
21883 137
21884 137
21885 137
21886 137
21887 137
21888 137
21889 137
21890 137
21891 137
21892 137
21893 137
21894 137
21895 137
21896 0
21897 0
21898 0
21899 0
21900 0
21901 137
21902 137
21903 137
21904 137
21905 137
21906 137
21907 137
21908 137
21909 137
21910 137
21911 137
21912 137
21913 137
21914 137
21915 137
21916 137
21917 137
21918 137
21919 137
21920 137
21921 0
21922 0
21923 0
21924 0
21925 0
21926 137
21927 137
21928 137
21929 137
21930 137
21931 137
21932 137
21933 137
21934 137
21935 137
21936 137
21937 137
21938 137
21939 137
21940 137
21941 0
21942 0
21943 0
21944 0
21945 0
21946 137
21947 137
21948 137
21949 137
21950 137
21951 0
21952 0
21953 0
21954 0
21955 0
21956 0
21957 0
21958 0
21959 0
21960 0
21961 137
21962 137
21963 137
21964 137
21965 137
21966 137
21967 137
21968 137
21969 137
21970 137
21971 137
21972 137
21973 137
21974 137
21975 137
21977 137
21978 137
21979 137
21980 137
21981 137
21982 137
21983 137
21984 137
21985 137
21986 137
21987 137
21988 137
21989 137
21990 137
21991 0
21992 0
21993 0
21994 0
21995 0
21996 137
21997 137
21998 137
21999 137
22000 137
22001 137
22002 137
22003 137
22004 137
22005 137
22006 137
22007 137
22008 137
22009 137
22010 137
22011 137
22012 137
22013 137
22014 137
22015 137
22016 0
22017 0
22018 0
22019 0
22020 0
22021 0
22022 0
22023 0
22024 0
22025 0
22026 0
22027 0
22028 0
22029 0
22030 0
22031 0
22032 0
22033 0
22034 0
22035 0
22036 137
22037 137
22038 137
22039 137
22040 137
22041 137
22042 137
22043 137
22044 137
22045 137
22046 0
22047 0
22048 0
22049 0
22050 0
22051 137
22052 137
22053 137
22054 137
22055 137
22056 0
22057 0
22058 0
22059 0
22060 0
22061 137
22062 137
22063 137
22064 137
22065 137
22066 0
22067 0
22068 0
22069 0
22070 0
22071 0
22072 0
22073 0
22074 0
22075 0
22076 137
22077 137
22078 137
22079 137
22080 137
22081 137
22082 137
22083 137
22084 137
22085 137
22086 0
22087 0
22088 0
22089 0
22090 0
22091 137
22092 137
22093 137
22094 137
22095 137
22096 137
22097 137
22098 137
22099 137
22100 137
22101 137
22102 137
22103 137
22104 137
22105 137
22106 137
22107 137
22108 137
22109 137
22110 137
22111 0
22112 0
22113 0
22114 0
22115 0
22116 0
22117 0
22118 0
22119 0
22120 0
22121 137
22122 137
22123 137
22124 137
22125 137
22126 137
22127 137
22128 137
22129 137
22130 137
22131 0
22132 0
22133 0
22134 0
22135 0
22136 0
22137 0
22138 0
22139 0
22140 0
22141 137
22142 137
22143 137
22144 137
22145 137
22146 137
22147 137
22148 137
22149 137
22150 137
22151 137
22152 137
22153 137
22154 137
22155 137
22156 0
22157 0
22158 0
22159 0
22160 0
22161 0
22162 0
22163 0
22164 0
22165 0
22166 137
22167 137
22168 137
22169 137
22170 137
22171 0
22172 0
22173 0
22174 0
22175 0
22176 0
22177 0
22178 0
22179 0
22180 0
22181 137
22182 137
22183 137
22184 137
22185 137
22186 0
22187 0
22188 0
22189 0
22190 0
22191 0
22192 0
22193 0
22194 0
22195 0
22196 137
22197 137
22198 137
22199 137
22200 137
22201 137
22202 137
22203 137
22204 137
22205 137
22206 0
22207 0
22208 0
22209 0
22210 0
22211 137
22212 137
22213 137
22214 137
22215 137
22216 0
22217 0
22218 0
22219 0
22220 0
22221 0
22222 0
22223 0
22224 0
22225 0
22226 137
22227 137
22228 137
22229 137
22230 137
22231 0
22232 0
22233 0
22234 0
22235 0
22236 0
22237 0
22238 0
22239 0
22240 0
22241 0
22242 0
22243 0
22244 0
22245 0
22246 137
22247 137
22248 137
22249 137
22250 137
22251 137
22252 137
22253 137
22254 137
22255 137
22256 0
22257 0
22258 0
22259 0
22260 0
22261 0
22262 0
22263 0
22264 0
22265 0
22266 137
22267 137
22268 137
22269 137
22270 137
22271 0
22272 0
22273 0
22274 0
22275 0
22276 137
22277 137
22278 137
22279 137
22280 137
22281 137
22282 137
22283 137
22284 137
22285 137
22286 0
22287 0
22288 0
22289 0
22290 0
22291 137
22292 137
22293 137
22294 137
22295 137
22296 137
22297 137
22298 137
22299 137
22300 137
22301 0
22302 0
22303 0
22304 0
22305 0
22306 0
22307 0
22308 0
22309 0
22310 0
22311 137
22312 137
22313 137
22314 137
22315 137
22316 137
22317 137
22318 137
22319 137
22320 137
22321 137
22322 137
22323 137
22324 137
22325 137
22326 0
22327 0
22328 0
22329 0
22330 0
22331 0
22332 0
22333 0
22334 0
22335 0
22336 137
22337 137
22338 137
22339 137
22340 137
22341 137
22342 137
22343 137
22344 137
22345 137
22346 137
22347 137
22348 137
22349 137
22350 137
22351 137
22352 137
22353 137
22354 137
22355 137
22356 137
22357 137
22358 137
22359 137
22360 137
22361 0
22362 0
22363 0
22364 0
22365 0
22366 0
22367 0
22368 0
22369 0
22370 0
22371 0
22372 0
22373 0
22374 0
22375 0
22376 137
22377 137
22378 137
22379 137
22380 137
22381 137
22382 137
22383 137
22384 137
22385 137
22386 0
22387 0
22388 0
22389 0
22390 0
22391 0
22392 0
22393 0
22394 0
22395 0
22396 0
22397 0
22398 0
22399 0
22400 0
22401 0
22402 0
22403 0
22404 0
22405 0
22406 137
22407 137
22408 137
22409 137
22410 137
22411 0
22412 0
22413 0
22414 0
22415 0
22416 0
22417 0
22418 0
22419 0
22420 0
22421 137
22422 137
22423 137
22424 137
22425 137
22426 137
22427 137
22428 137
22429 137
22430 137
22431 0
22432 0
22433 0
22434 0
22435 0
22436 0
22437 0
22438 0
22439 0
22440 0
22441 0
22442 0
22443 0
22444 0
22445 0
22446 0
22447 0
22448 0
22449 0
22450 0
22451 0
22452 0
22453 0
22454 0
22455 0
22456 137
22457 137
22458 137
22459 137
22460 137
22461 137
22462 137
22463 137
22464 137
22465 137
22466 137
22467 137
22468 137
22469 137
22470 137
22471 0
22472 0
22473 0
22474 0
22475 0
22476 137
22477 137
22478 137
22479 137
22480 137
22481 137
22482 137
22483 137
22484 137
22485 137
22486 137
22487 137
22488 137
22489 137
22490 137
22491 137
22492 137
22493 137
22494 137
22495 137
22496 0
22497 0
22498 0
22499 0
22500 0
22501 137
22502 137
22503 137
22504 137
22505 137
22506 0
22507 0
22508 0
22509 0
22510 0
22511 0
22512 0
22513 0
22514 0
22515 0
22516 137
22517 137
22518 137
22519 137
22520 137
22521 0
22522 0
22523 0
22524 0
22525 0
22526 0
22527 0
22528 0
22529 0
22530 0
22531 137
22532 137
22533 137
22534 137
22535 137
22536 137
22537 137
22538 137
22539 137
22540 137
22541 137
22542 137
22543 137
22544 137
22545 137
22546 0
22547 0
22548 0
22549 0
22550 0
22551 137
22552 137
22553 137
22554 137
22555 137
22556 0
22557 0
22558 0
22559 0
22560 0
22561 137
22562 137
22563 137
22564 137
22565 137
22566 0
22567 0
22568 0
22569 0
22570 0
22571 0
22572 0
22573 0
22574 0
22575 0
22576 0
22577 0
22578 0
22579 0
22580 0
22581 137
22582 137
22583 137
22584 137
22585 137
22586 0
22587 0
22588 0
22589 0
22590 0
22591 137
22592 137
22593 137
22594 137
22595 137
22596 137
22597 137
22598 137
22599 137
22600 137
22601 0
22602 0
22603 0
22604 0
22605 0
22606 0
22607 0
22608 0
22609 0
22610 0
22611 137
22612 137
22613 137
22614 137
22615 137
22616 0
22617 0
22618 0
22619 0
22620 0
22621 137
22622 137
22623 137
22624 137
22625 137
22626 0
22627 0
22628 0
22629 0
22630 0
22631 137
22632 137
22633 137
22634 137
22635 137
22636 137
22637 137
22638 137
22639 137
22640 137
22641 137
22642 137
22643 137
22644 137
22645 137
22646 137
22647 137
22648 137
22649 137
22650 137
22651 137
22652 137
22653 137
22654 137
22655 137
22656 0
22657 0
22658 0
22659 0
22660 0
22661 0
22662 0
22663 0
22664 0
22665 0
22666 137
22667 137
22668 137
22669 137
22670 137
22671 0
22672 0
22673 0
22674 0
22675 0
22676 0
22677 0
22678 0
22679 0
22680 0
22681 0
22682 0
22683 0
22684 0
22685 0
22686 0
22687 0
22688 0
22689 0
22690 0
22691 137
22692 137
22693 137
22694 137
22695 137
22696 0
22697 0
22698 0
22699 0
22700 0
22701 137
22702 137
22703 137
22704 137
22705 137
22706 0
22707 0
22708 0
22709 0
22710 0
22711 137
22712 137
22713 137
22714 137
22715 137
22716 0
22717 0
22718 0
22719 0
22720 0
22721 137
22722 137
22723 137
22724 137
22725 137
22726 137
22727 137
22728 137
22729 137
22730 137
22731 137
22732 137
22733 137
22734 137
22735 137
22736 0
22737 0
22738 0
22739 0
22740 0
22741 0
22742 0
22743 0
22744 0
22745 0
22746 0
22747 0
22748 0
22749 0
22750 0
22751 137
22752 137
22753 137
22754 137
22755 137
22756 0
22757 0
22758 0
22759 0
22760 0
22761 0
22762 0
22763 0
22764 0
22765 0
22766 0
22767 0
22768 0
22769 0
22770 0
22771 137
22772 137
22773 137
22774 137
22775 137
22776 137
22777 137
22778 137
22779 137
22780 137
22781 137
22782 137
22783 137
22784 137
22785 137
22786 0
22787 0
22788 0
22789 0
22790 0
22791 0
22792 0
22793 0
22794 0
22795 0
22796 0
22797 0
22798 0
22799 0
22800 0
22801 137
22802 137
22803 137
22804 137
22805 137
22806 137
22807 137
22808 137
22809 137
22810 137
22811 137
22812 137
22813 137
22814 137
22815 137
22816 137
22817 137
22818 137
22819 137
22820 137
22821 0
22822 0
22823 0
22824 0
22825 0
22826 137
22827 137
22828 137
22829 137
22830 137
22831 137
22832 137
22833 137
22834 137
22835 137
22836 137
22837 137
22838 137
22839 137
22840 137
22841 0
22842 0
22843 0
22844 0
22845 0
22846 0
22847 0
22848 0
22849 0
22850 0
22851 0
22852 0
22853 0
22854 0
22855 0
22856 0
22857 0
22858 0
22859 0
22860 0
22861 0
22862 0
22863 0
22864 0
22865 0
22866 0
22867 0
22868 0
22869 0
22870 0
22871 137
22872 137
22873 137
22874 137
22875 137
22876 137
22877 137
22878 137
22879 137
22880 137
22881 0
22882 0
22883 0
22884 0
22885 0
22886 137
22887 137
22888 137
22889 137
22890 137
22891 137
22892 137
22893 137
22894 137
22895 137
22896 0
22897 0
22898 0
22899 0
22900 0
22901 137
22902 137
22903 137
22904 137
22905 137
22906 137
22907 137
22908 137
22909 137
22910 137
22911 137
22912 137
22913 137
22914 137
22915 137
22916 137
22917 137
22918 137
22919 137
22920 137
22921 0
22922 0
22923 0
22924 0
22925 0
22926 137
22927 137
22928 137
22929 137
22930 137
22931 0
22932 0
22933 0
22934 0
22935 0
22936 137
22937 137
22938 137
22939 137
22940 137
22941 0
22942 0
22943 0
22944 0
22945 0
22946 137
22947 137
22948 137
22949 137
22950 137
22951 0
22952 0
22953 0
22954 0
22955 0
22956 0
22957 0
22958 0
22959 0
22960 0
22961 137
22962 137
22963 137
22964 137
22965 137
22966 137
22967 137
22968 137
22969 137
22970 137
22971 0
22972 0
22973 0
22974 0
22975 0
22976 0
22977 0
22978 0
22979 0
22980 0
22981 0
22982 0
22983 0
22984 0
22985 0
22986 0
22987 0
22988 0
22989 0
22990 0
22991 0
22992 0
22993 0
22994 0
22995 0
22996 137
22997 137
22998 137
22999 137
23000 137
23001 0
23002 0
23003 0
23004 0
23005 0
23006 137
23007 137
23008 137
23009 137
23010 137
23011 137
23012 137
23013 137
23014 137
23015 137
23016 0
23017 0
23018 0
23019 0
23020 0
23021 0
23022 0
23023 0
23024 0
23025 0
23026 0
23027 0
23028 0
23029 0
23030 0
23031 137
23032 137
23033 137
23034 137
23035 0
23036 0
23037 0
23038 0
23039 0
23040 0
23041 0
23042 0
23043 0
23044 0
23045 0
23046 0
23047 0
23048 0
23049 0
23050 0
23051 137
23052 137
23053 137
23054 137
23055 137
23056 0
23057 0
23058 0
23059 0
23060 0
23061 0
23062 137
23063 137
23064 0
23065 137
23066 0
23067 0
23068 0
23069 0
23070 0
23071 0
23072 0
23073 0
23074 0
23075 0
23076 137
23077 137
23078 137
23079 137
23080 137
23081 137
23082 137
23083 137
23084 137
23085 137
23086 0
23087 0
23088 0
23089 0
23090 0
23091 137
23092 137
23093 137
23094 137
23095 137
23096 0
23097 0
23098 0
23099 0
23100 0
23101 137
23102 137
23103 137
23104 137
23105 137
23106 0
23107 0
23108 0
23109 0
23110 0
23111 0
23112 0
23113 0
23114 0
23115 0
23116 0
23117 0
23118 0
23119 0
23120 0
23121 137
23122 137
23123 137
23124 137
23125 137
23126 0
23127 137
23128 137
23129 137
23130 0
23131 0
23132 0
23133 0
23134 0
23135 0
23136 0
23137 0
23138 0
23139 0
23140 0
23141 137
23142 137
23143 137
23144 137
23145 137
23146 0
23147 137
23148 137
23149 0
23150 137
23151 137
23152 137
23153 137
23154 137
23155 137
23156 0
23157 0
23158 0
23159 0
23160 0
23161 0
23162 0
23163 0
23164 0
23165 0
23166 0
23167 0
23168 0
23169 0
23170 0
23171 0
23172 0
23173 0
23174 0
23175 0
23176 0
23177 0
23178 0
23179 0
23180 0
23181 0
23182 0
23183 0
23184 0
23185 0
23186 0
23187 0
23188 0
23189 0
23190 0
23191 0
23192 0
23193 0
23194 0
23195 0
23196 0
23197 0
23198 0
23199 0
23200 0
23201 137
23202 137
23203 137
23204 137
23205 137
23206 0
23207 0
23208 0
23209 0
23210 0
23211 137
23212 137
23213 137
23214 137
23215 137
23216 0
23217 0
23218 0
23219 0
23220 0
23221 0
23222 0
23223 0
23224 0
23225 0
23226 137
23227 137
23228 137
23229 137
23230 137
23231 0
23232 0
23233 0
23234 0
23235 0
23236 0
23237 0
23238 0
23239 0
23240 0
23241 0
23242 0
23243 0
23244 0
23245 0
23246 137
23247 137
23248 137
23249 137
23250 137
23251 0
23252 0
23253 0
23254 0
23255 0
23256 137
23257 137
23258 137
23259 137
23260 137
23261 0
23262 0
23263 0
23264 0
23265 0
23266 0
23267 0
23268 0
23269 0
23270 0
23271 0
23272 0
23273 0
23274 0
23275 0
23276 0
23277 0
23278 0
23279 0
23280 0
23281 137
23282 137
23283 137
23284 137
23285 137
23286 0
23287 0
23288 0
23289 0
23290 0
23291 0
23292 0
23293 0
23294 0
23295 0
23296 137
23297 137
23298 137
23299 137
23300 137
23301 0
23302 0
23303 0
23304 0
23305 0
23306 0
23307 0
23308 0
23309 0
23310 0
23311 137
23312 137
23313 137
23314 137
23315 137
23316 0
23317 0
23318 0
23319 0
23320 0
23321 0
23322 0
23323 0
23324 0
23325 0
23326 0
23327 0
23328 0
23329 0
23330 0
23331 0
23332 0
23333 0
23334 0
23335 0
23336 0
23337 0
23338 0
23339 0
23340 0
23341 137
23342 137
23343 137
23344 137
23345 137
23346 137
23347 137
23348 137
23349 137
23350 137
23351 137
23352 137
23353 137
23354 137
23355 137
23356 0
23357 0
23358 0
23359 0
23360 0
23361 0
23362 0
23363 0
23364 0
23365 0
23366 0
23367 0
23368 0
23369 0
23370 0
23371 0
23372 0
23373 0
23374 0
23375 0
23376 0
23377 0
23378 0
23379 0
23380 0
23381 0
23382 0
23383 0
23384 0
23385 0
23386 0
23387 0
23388 0
23389 0
23390 0
23391 0
23392 0
23393 0
23394 0
23395 0
23396 0
23397 0
23398 0
23399 0
23400 0
23401 0
23402 0
23403 0
23404 0
23405 0
23406 137
23407 0
23408 0
23409 0
23410 0
23411 0
23412 0
23413 0
23414 0
23415 0
23416 0
23417 0
23418 0
23419 0
23420 0
23421 137
23422 137
23423 137
23424 137
23425 137
23426 137
23427 137
23428 137
23429 137
23430 137
23431 0
23432 0
23433 0
23434 0
23435 0
23436 0
23437 0
23438 0
23439 0
23440 0
23441 0
23442 0
23443 0
23444 0
23445 0
23446 0
23447 0
23448 0
23449 0
23450 0
23451 0
23452 0
23453 0
23454 0
23455 0
23456 0
23457 0
23458 0
23459 0
23460 0
23461 137
23462 137
23463 137
23464 137
23465 137
23466 137
23467 137
23468 137
23469 137
23470 137
23471 0
23472 0
23473 0
23474 0
23475 0
23476 137
23477 137
23478 137
23479 137
23480 137
23481 137
23482 137
23483 137
23484 137
23485 137
23486 137
23487 137
23488 137
23489 137
23490 137
23491 0
23492 0
23493 0
23494 0
23495 0
23496 0
23497 0
23498 0
23499 0
23500 0
23501 137
23502 137
23503 137
23504 137
23505 137
23506 0
23507 0
23508 0
23509 0
23510 0
23511 0
23512 0
23513 0
23514 0
23515 0
23516 0
23517 0
23518 0
23519 0
23520 0
23521 0
23522 0
23523 0
23524 0
23525 0
23526 0
23527 0
23528 0
23529 0
23530 0
23531 137
23532 137
23533 137
23534 137
23535 137
23536 137
23537 137
23538 137
23539 137
23540 137
23541 137
23542 137
23543 137
23544 137
23545 137
23546 0
23547 0
23548 0
23549 0
23550 0
23551 0
23552 0
23553 0
23554 0
23555 0
23556 0
23557 0
23558 0
23559 0
23560 0
23561 137
23562 137
23563 137
23564 137
23565 137
23566 0
23567 0
23568 0
23569 0
23570 0
23571 137
23572 137
23573 137
23574 137
23575 137
23576 0
23577 0
23578 0
23579 0
23580 0
23581 0
23582 0
23583 0
23584 0
23585 0
23586 0
23587 0
23588 0
23589 0
23590 0
23591 137
23592 137
23593 137
23594 137
23595 137
23596 137
23597 137
23598 137
23599 137
23600 137
23601 0
23602 0
23603 0
23604 0
23605 0
23606 0
23607 0
23608 0
23609 0
23610 0
23611 137
23612 137
23613 137
23614 137
23615 137
23616 0
23617 0
23618 0
23619 0
23620 0
23621 137
23622 137
23623 137
23624 137
23625 137
23626 0
23627 0
23628 0
23629 0
23630 0
23631 137
23632 137
23633 137
23634 137
23635 137
23636 0
23637 0
23638 0
23639 0
23640 0
23641 137
23642 137
23643 137
23644 137
23645 137
23646 137
23647 137
23648 137
23649 137
23650 137
23651 137
23652 137
23653 137
23654 137
23655 137
23656 0
23657 0
23658 0
23659 0
23660 0
23661 0
23662 0
23663 0
23664 0
23665 0
23666 0
23667 0
23668 0
23669 0
23670 0
23671 0
23672 0
23673 0
23674 0
23675 0
23676 0
23677 0
23678 0
23679 0
23680 0
23681 0
23682 0
23683 0
23684 0
23685 0
23686 0
23687 0
23688 0
23689 0
23690 0
23691 0
23692 0
23693 0
23694 0
23695 0
23696 0
23697 0
23698 0
23699 0
23700 0
23701 0
23702 0
23703 0
23704 0
23705 0
23706 0
23707 0
23708 0
23709 0
23710 0
23711 137
23712 137
23713 137
23714 137
23715 137
23716 0
23717 0
23718 0
23719 0
23720 0
23721 137
23722 137
23723 137
23724 137
23725 137
23726 137
23727 137
23728 137
23729 137
23730 137
23731 137
23732 137
23733 137
23734 137
23735 137
23736 0
23737 0
23738 0
23739 0
23740 0
23741 0
23742 0
23743 0
23744 0
23745 0
23746 0
23747 0
23748 0
23749 0
23750 0
23751 137
23752 137
23753 137
23754 137
23755 137
23756 0
23757 0
23758 0
23759 0
23760 0
23761 0
23762 0
23763 0
23764 0
23765 0
23766 0
23767 0
23768 0
23769 0
23770 0
23771 0
23772 0
23773 0
23774 0
23775 0
23776 0
23777 0
23778 0
23779 0
23780 0
23781 137
23782 137
23783 137
23784 137
23785 137
23786 0
23787 0
23788 0
23789 0
23790 0
23791 0
23792 0
23793 0
23794 0
23795 0
23796 0
23797 0
23798 0
23799 0
23800 0
23801 0
23802 0
23803 0
23804 0
23805 0
23806 137
23807 137
23808 137
23809 137
23810 137
23811 0
23812 0
23813 0
23814 0
23815 0
23816 0
23817 0
23818 0
23819 0
23820 0
23821 0
23822 0
23823 0
23824 0
23825 0
23826 0
23827 0
23828 0
23829 0
23830 0
23831 137
23832 137
23833 137
23834 137
23835 137
23836 0
23837 0
23838 0
23839 0
23840 0
23841 0
23842 0
23843 0
23844 0
23845 0
23846 0
23847 0
23848 0
23849 0
23850 0
23851 0
23852 0
23853 0
23854 0
23855 0
23856 0
23857 0
23858 0
23859 0
23860 0
23861 0
23862 0
23863 0
23864 0
23865 0
23866 0
23867 0
23868 0
23869 0
23870 0
23871 0
23872 0
23873 0
23874 0
23875 0
23876 0
23877 0
23878 0
23879 0
23880 0
23881 0
23882 0
23883 0
23884 0
23885 0
23886 0
23887 0
23888 0
23889 0
23890 0
23891 0
23892 0
23893 0
23894 0
23895 0
23896 0
23897 0
23898 0
23899 0
23900 0
23901 0
23902 0
23903 0
23904 0
23905 0
23906 137
23907 137
23908 137
23909 137
23910 137
23911 137
23912 137
23913 137
23914 137
23915 137
23916 137
23917 137
23918 137
23919 137
23920 137
23921 0
23922 0
23923 0
23924 0
23925 0
23926 137
23927 137
23928 137
23929 137
23930 137
23931 0
23932 0
23933 0
23934 0
23935 0
23936 137
23937 137
23938 137
23939 137
23940 137
23941 0
23942 0
23943 0
23944 0
23945 0
23946 137
23947 137
23948 137
23949 137
23950 137
23951 0
23952 0
23953 0
23954 0
23955 0
23956 0
23957 0
23958 0
23959 0
23960 0
23961 137
23962 137
23963 137
23964 137
23965 137
23966 0
23967 0
23968 0
23969 0
23970 0
23971 0
23972 0
23973 0
23974 0
23975 0
23976 0
23977 0
23978 0
23979 0
23980 0
23981 0
23982 0
23983 0
23984 0
23985 0
23986 0
23987 0
23988 0
23989 0
23990 0
23991 0
23992 0
23993 0
23994 0
23995 0
23996 137
23997 137
23998 137
23999 137
24000 137
24001 137
24002 137
24003 137
24004 137
24005 137
24006 137
24007 137
24008 137
24009 137
24010 137
24011 137
24012 137
24013 137
24014 137
24015 137
24016 137
24017 137
24018 137
24019 137
24020 137
24021 137
24022 137
24023 137
24024 137
24025 137
24026 137
24027 137
24028 137
24029 137
24030 137
24031 137
24032 137
24033 137
24034 137
24035 137
24036 137
24037 137
24038 137
24039 137
24040 137
24041 0
24042 137
24043 137
24044 137
24045 0
24046 137
24047 0
24048 0
24049 0
24050 137
24051 137
24052 137
24053 0
24054 137
24055 0
24056 0
24057 0
24058 137
24059 137
24060 137
24061 137
24062 137
24063 137
24064 137
24065 137
24066 137
24067 137
24068 137
24069 137
24070 137
24071 137
24072 137
24073 137
24074 137
24075 137
24076 137
24077 137
24078 137
24079 137
24080 137
24081 0
24082 137
24083 137
24084 137
24085 0
24086 137
24087 137
24088 137
24089 0
24090 137
24091 137
24092 137
24093 0
24094 137
24095 137
24096 137
24097 0
24098 137
24099 137
24100 137
24101 137
24102 137
24103 137
24104 137
24105 137
24106 137
24107 137
24108 137
24109 137
24110 137
24111 137
24112 137
24113 137
24114 137
24115 137
24116 137
24117 137
24118 137
24119 137
24120 137
24121 137
24122 137
24123 137
24124 137
24125 137
24126 137
24127 137
24128 137
24129 137
24130 137
24131 137
24132 137
24133 137
24134 137
24135 137
24136 137
24137 137
24138 137
24139 137
24140 137
24141 137
24142 137
24143 137
24144 137
24145 137
24146 137
24147 137
24148 137
24149 137
24150 137
24151 137
24152 137
24153 137
24154 137
24155 137
24156 137
24157 137
24158 137
24159 137
24160 137
24161 137
24162 137
24163 137
24164 137
24165 137
24166 137
24167 137
24168 137
24169 137
24170 137
24171 137
24172 137
24173 137
24174 137
24175 137
24176 137
24177 137
24178 137
24179 137
24180 137
24181 137
24182 137
24183 137
24184 137
24185 137
24186 137
24187 137
24188 137
24189 137
24190 137
24191 137
24192 137
24193 137
24195 137
24196 137
24197 137
24198 137
24199 137
24200 137
24201 137
24202 137
24203 137
24204 137
24205 137
24206 137
24207 137
24208 137
24209 137
24210 137
24211 137
24212 137
24213 137
24214 137
24215 137
24216 137
24217 137
24218 137
24219 137
24220 137
24221 137
24222 137
24223 137
24224 137
24225 137
24226 137
24227 137
24228 137
24229 137
24230 137
24231 137
24232 137
24233 137
24234 137
24235 137
24236 137
24237 137
24238 137
24239 137
24240 137
24241 137
24242 137
24243 137
24244 137
24245 137
24246 137
24247 137
24248 137
24249 137
24250 137
24251 137
24252 137
24253 137
24254 137
24255 137
24256 137
24257 137
24258 137
24259 137
24260 137
24261 137
24262 137
24263 137
24264 137
24265 137
24266 137
24267 137
24268 137
24269 137
24270 137
24271 137
24272 137
24273 137
24274 137
24275 137
24276 137
24277 137
24278 137
24279 137
24280 137
24281 0
24282 137
24283 0
24284 0
24285 0
24286 0
24287 0
24288 0
24289 0
24290 0
24291 0
24292 0
24293 0
24294 137
24295 0
24296 0
24297 0
24298 0
24299 0
24300 0
24301 0
24302 137
24303 137
24304 137
24305 0
24306 137
24307 137
24308 137
24309 0
24310 137
24311 137
24312 137
24313 0
24314 137
24315 137
24316 137
24317 0
24318 137
24319 137
24320 137
24321 137
24322 137
24323 137
24324 137
24325 137
24326 137
24327 137
24328 137
24329 137
24330 137
24331 137
24332 137
24333 137
24334 137
24335 137
24336 137
24337 137
24338 137
24339 137
24340 137
24341 137
24342 137
24343 137
24344 137
24345 137
24346 137
24347 137
24348 137
24349 137
24350 137
24351 137
24352 137
24353 137
24354 137
24355 137
24356 137
24357 137
24358 137
24359 137
24360 137
24361 0
24362 137
24363 137
24364 137
24365 0
24366 137
24367 137
24368 137
24369 0
24370 137
24371 137
24372 137
24373 0
24374 137
24375 137
24376 137
24377 0
24378 137
24379 137
24380 137
24381 0
24382 137
24383 137
24384 137
24385 0
24386 137
24387 137
24388 137
24389 0
24390 137
24391 137
24392 137
24393 0
24394 137
24395 137
24396 137
24397 0
24398 137
24399 137
24400 137
24401 137
24402 137
24403 137
24404 137
24405 137
24407 137
24410 137
24411 137
24412 137
24413 137
24415 137
24416 137
24417 137
24418 137
24419 137
24420 137
24421 137
24422 137
24423 137
24424 137
24425 137
24426 137
24427 137
24428 137
24430 137
24431 137
24433 137
24434 137
24435 137
24436 137
24437 137
24438 137
24440 137
24441 0
24442 137
24443 137
24444 137
24445 0
24446 137
24447 137
24448 137
24449 0
24450 137
24451 137
24452 137
24453 0
24454 137
24455 137
24456 137
24457 0
24458 137
24459 137
24460 137
24461 0
24462 137
24463 137
24464 137
24465 0
24466 137
24467 137
24468 137
24469 0
24470 137
24471 137
24472 137
24473 0
24474 137
24475 137
24476 137
24477 0
24478 137
24479 137
24480 137
